-- phpMyAdmin SQL Dump
-- version 3.5.2.2
-- http://www.phpmyadmin.net
--
-- Host: 127.0.0.1
-- Generation Time: Jun 16, 2022 at 05:12 AM
-- Server version: 10.1.19-MariaDB
-- PHP Version: 5.6.28

SET SQL_MODE="NO_AUTO_VALUE_ON_ZERO";
SET time_zone = "+00:00";


/*!40101 SET @OLD_CHARACTER_SET_CLIENT=@@CHARACTER_SET_CLIENT */;
/*!40101 SET @OLD_CHARACTER_SET_RESULTS=@@CHARACTER_SET_RESULTS */;
/*!40101 SET @OLD_COLLATION_CONNECTION=@@COLLATION_CONNECTION */;
/*!40101 SET NAMES utf8 */;

--
-- Database: `simpeg_coba`
--

-- --------------------------------------------------------

--
-- Table structure for table `tbl_data_atasan_pekerjaan`
--

CREATE TABLE IF NOT EXISTS `tbl_data_atasan_pekerjaan` (
  `id_atasan_pekerjaan` int(11) NOT NULL,
  `id_pegawai` int(11) NOT NULL,
  `nama_atasan_pekerjaan` varchar(500) NOT NULL,
  `jabatan_atasan_pekerjaan` varchar(500) NOT NULL,
  `perusahaan_atasan_pekerjaan` varchar(500) NOT NULL,
  `nomor_telepon_pekerjaan` int(11) NOT NULL
) ENGINE=InnoDB DEFAULT CHARSET=latin1;

--
-- Dumping data for table `tbl_data_atasan_pekerjaan`
--

INSERT INTO `tbl_data_atasan_pekerjaan` (`id_atasan_pekerjaan`, `id_pegawai`, `nama_atasan_pekerjaan`, `jabatan_atasan_pekerjaan`, `perusahaan_atasan_pekerjaan`, `nomor_telepon_pekerjaan`) VALUES
(1, 1, 'asdasd', 'asdas', 'asdasd', 1),
(0, 3, 'PANGGIH RAHARDJO', 'SEKRETARIS YPBPI', 'YPBPI', 2147483647),
(0, 4, 'SURYA RAMADHAN NOOR', 'DEPUTI SDM & SEKRETARIAT', 'YPBPI', 222010492),
(0, 111, 'SURYA RAMADHAN NOOR', 'DEPUTI SDM & SEKRETARIAT', 'YPBPI', 222010491),
(0, 6, 'TOTO SUWARSA', 'DEPUTI YPBPI', 'YPBPI', 2010491),
(0, 9, 'TOTO SUWARSA', 'DEPUTI YPBPI', 'YPBPI', 222010492),
(0, 12, 'TOTO SUWARSA', 'DEPUTI YPBPI', 'YPBPI', 222010491),
(0, 11, 'TOTO SUWARSA', 'DEPUTI YPBPI', 'YPBPI', 222010492),
(0, 116, 'TOTO SUWARSA', 'DEPUTI YPBPI', 'YPBPI', 222010492),
(0, 117, 'TOTO SUWARSA', 'DEPUTI YPBPI', 'YPBPI', 222010492);

-- --------------------------------------------------------

--
-- Table structure for table `tbl_data_dp3`
--

CREATE TABLE IF NOT EXISTS `tbl_data_dp3` (
  `id_dp3` int(50) NOT NULL AUTO_INCREMENT,
  `id_pegawai` int(50) NOT NULL,
  `tahun` varchar(30) NOT NULL,
  `kesetiaan` varchar(100) NOT NULL,
  `prestasi` varchar(100) NOT NULL,
  `tanggung_jawab` varchar(100) NOT NULL,
  `ketaatan` varchar(100) NOT NULL,
  `kejujuran` varchar(100) NOT NULL,
  `kerjasama` varchar(100) NOT NULL,
  `prakarsa` varchar(100) NOT NULL,
  `kepemimpinan` varchar(100) NOT NULL,
  `rata_rata` varchar(100) NOT NULL,
  `atasan` varchar(100) NOT NULL,
  `penilai` varchar(100) NOT NULL,
  `mengetahui` varchar(100) NOT NULL,
  `foto` varchar(150) NOT NULL,
  PRIMARY KEY (`id_dp3`)
) ENGINE=MyISAM DEFAULT CHARSET=latin1 AUTO_INCREMENT=1 ;

-- --------------------------------------------------------

--
-- Table structure for table `tbl_data_gaji_pokok`
--

CREATE TABLE IF NOT EXISTS `tbl_data_gaji_pokok` (
  `id_gaji_pokok` int(50) NOT NULL AUTO_INCREMENT,
  `id_pegawai` int(50) NOT NULL,
  `id_golongan` int(50) NOT NULL,
  `nomor_sk` varchar(100) NOT NULL,
  `tanggal_sk` varchar(100) NOT NULL,
  `dasar_perubahan` varchar(100) NOT NULL,
  `gaji_pokok` varchar(50) NOT NULL,
  `tanggal_mulai` varchar(50) NOT NULL,
  `tanggal_selesai` varchar(50) NOT NULL,
  `masa_kerja` varchar(50) NOT NULL,
  `pejabat_menetapkan` varchar(50) NOT NULL,
  `foto` varchar(150) NOT NULL,
  PRIMARY KEY (`id_gaji_pokok`)
) ENGINE=MyISAM  DEFAULT CHARSET=latin1 AUTO_INCREMENT=10 ;

--
-- Dumping data for table `tbl_data_gaji_pokok`
--

INSERT INTO `tbl_data_gaji_pokok` (`id_gaji_pokok`, `id_pegawai`, `id_golongan`, `nomor_sk`, `tanggal_sk`, `dasar_perubahan`, `gaji_pokok`, `tanggal_mulai`, `tanggal_selesai`, `masa_kerja`, `pejabat_menetapkan`, `foto`) VALUES
(1, 3, 16, 'SK.124/YPBPI/0917', '2017-09-13', '4 tahun', '1352000', '2017-09-13', '2021-09-13', '4 tahun', 'KETUA YPBPI', ''),
(2, 4, 12, 'SK.123/YPBPI/0917', '2017-09-13', 'KENPA', '964000', '2017-10-01', '2021-10-01', '15 tahun', 'KETUA YPBPI', ''),
(3, 111, 14, 'SK.059/YPBPI/0317', '2017-03-27', 'KENPA', '948000', '2010-01-02', '1970-01-01', '5 TAHUN 9 BULAN', 'KETUA YPBPI', ''),
(4, 6, 15, '106/YPBPI/SK/0614', '2014-06-19', 'KENPA', '1009000', '2006-06-01', '2027-06-01', '12 TAHUN', 'KETUA YPBPI', ''),
(5, 9, 8, '088/YPBPI/SK/0816', '2016-08-10', 'KENPA', '706000', '2010-08-01', '1970-01-01', '7 TAHUN 5', 'KETUA YPBPI', ''),
(6, 12, 8, '105/YPBPI/SK/0615', '2015-06-23', 'KENPA', '706000', '2010-08-01', '2035-08-01', '7 TAHUN 5', 'KETUA YPBPI', ''),
(7, 11, 7, '070/YPBPI/SK/0415', '2018-01-01', 'KENPA', '641000', '2010-08-04', '1970-01-01', '3 TAHUN 5', 'KETUA YPBPI', ''),
(8, 116, 6, '107/YPBPI/SK/0615', '2015-06-23', 'KENPA', '634000', '2010-08-01', '2018-01-01', '7 TAHUN 5', 'KETUA YPBPI', ''),
(9, 117, 9, 'SK.062/YPBPI/0417', '2017-04-03', 'KENPA', '766000', '2008-05-01', '2033-05-01', '10 TAHUN', 'KETUA YPBPI', '');

-- --------------------------------------------------------

--
-- Table structure for table `tbl_data_hukuman`
--

CREATE TABLE IF NOT EXISTS `tbl_data_hukuman` (
  `id_hukuman` int(50) NOT NULL AUTO_INCREMENT,
  `id_pegawai` int(50) NOT NULL,
  `id_master_hukuman` int(50) NOT NULL,
  `uraian` text NOT NULL,
  `nomor_sk` varchar(100) NOT NULL,
  `tanggal_sk` date NOT NULL,
  `tanggal_mulai` date NOT NULL,
  `tanggal_selesai` date NOT NULL,
  `masa_berlaku` varchar(100) NOT NULL,
  `pejabat_menetapkan` varchar(100) NOT NULL,
  `foto` varchar(150) NOT NULL,
  PRIMARY KEY (`id_hukuman`)
) ENGINE=MyISAM DEFAULT CHARSET=latin1 AUTO_INCREMENT=1 ;

-- --------------------------------------------------------

--
-- Table structure for table `tbl_data_keluarga`
--

CREATE TABLE IF NOT EXISTS `tbl_data_keluarga` (
  `id_data_keluarga` int(50) NOT NULL AUTO_INCREMENT,
  `id_pegawai` int(50) NOT NULL,
  `nama_anggota_keluarga` varchar(150) NOT NULL,
  `tanggal_lahir` date NOT NULL,
  `status_kawin` varchar(50) NOT NULL,
  `tanggal_nikah` date NOT NULL,
  `uraian` text NOT NULL,
  `tanggal_cerai_meninggal` int(50) NOT NULL,
  `pekerjaan` varchar(50) NOT NULL,
  `foto` varchar(150) NOT NULL,
  PRIMARY KEY (`id_data_keluarga`)
) ENGINE=MyISAM  DEFAULT CHARSET=latin1 AUTO_INCREMENT=163 ;

--
-- Dumping data for table `tbl_data_keluarga`
--

INSERT INTO `tbl_data_keluarga` (`id_data_keluarga`, `id_pegawai`, `nama_anggota_keluarga`, `tanggal_lahir`, `status_kawin`, `tanggal_nikah`, `uraian`, `tanggal_cerai_meninggal`, `pekerjaan`, `foto`) VALUES
(1, 3, 'NENDEN PURNAMA DEWI', '1968-02-25', 'KAWIN', '1992-05-05', 'A', 2018, 'IBU RUMAH TANGGA', ''),
(2, 3, 'NUR ALIYAH KHAIRUNNISA', '1993-02-21', 'BELUM MENIKAH', '2018-01-17', 'A', 2018, 'SWASTA', ''),
(3, 3, 'NUR FITRIANI DEWI', '1997-02-02', 'BELUM MENIKAH', '2018-01-01', 'A', 2018, 'MAHASISWI', ''),
(4, 3, 'MUHAMMAD RAHADIAN NOOR', '1998-11-09', 'BELUM MENIKAH', '2018-01-01', 'A', 2018, 'MAHASISWA', ''),
(5, 3, 'NUR AZIZAH PUTRI SHALIHAH', '2001-12-25', 'BELUM MENIKAH', '2018-01-01', 'A', 2018, 'PELAJAR', ''),
(6, 4, 'LINA RAHMAWATI', '1985-03-01', 'MENIKAH', '2009-07-09', 'A', 2018, 'SWASTA', ''),
(7, 4, 'SALSABILLA ANANDA GUNAWAN', '2006-04-18', 'BELUM MENIKAH', '2018-01-01', 'A', 2018, 'PELAJAR', ''),
(15, 49, 'SYAFRIAL FACHRI PANE', '1988-04-16', 'KAWIN', '2018-01-19', 'MEDAN', 2018, 'DOSEN', '595012603-20180129-084503.jpg'),
(9, 21, 'EUIS SUTARSIH', '1980-04-11', 'KAWIN', '2018-01-18', 'SARIJADI BLOK 03 NO. 70', 2018, 'MENGURUS RUMAH TANGGA', '91737174-20180129-083801.jpg'),
(10, 21, 'RADEN RAIHAN RAMADHAN', '2002-11-09', 'BELUM KAWIN', '2018-01-18', 'SARIJADI', 2018, 'PELAJAR/MAHASISWA', ''),
(11, 21, 'RD. MESYA SEKAR JULIANTY', '2009-07-26', 'BELUM KAWIN', '2018-01-18', 'SARIJADI', 2018, 'BELUM/TIDAK BEKERJA', ''),
(12, 16, 'RIKA APRIANI', '1986-04-02', 'KAWIN', '2013-03-03', 'ISTRI', 1970, 'IBU RUMAH TANGGA', '858708810-20180129-082944.jpg'),
(13, 111, 'NIVAN DIRGANTARA', '1987-10-22', 'MENIKAH', '2014-04-06', 'A', 2018, 'SWASTA', ''),
(14, 111, 'ANINDHITA PRAMESTI MAULIDYA', '2015-01-03', 'BELUM MENIKAH', '2018-01-01', 'A', 2018, 'BELUM SEKOLAH', ''),
(16, 49, 'dr. ADE ASTRIDA', '1988-09-11', 'KAWIN', '2018-01-19', 'MEDAN', 2018, 'DOKTER', ''),
(17, 99, 'Y. CASMADI', '1966-06-21', 'KAWIN', '2018-01-19', 'SEMARANG', 2018, 'DOSEN', ''),
(18, 99, 'R. RINI PURBANDARI', '1966-06-30', 'KAWIN', '2018-01-19', 'AMBARAWA', 2018, 'PERAWAT', ''),
(19, 99, 'INTAN AYU ANDARI', '1989-12-08', 'BELUM KAWIN', '2018-01-19', 'PEKALONGAN', 2018, 'KARYAWAN SWASTA', ''),
(20, 99, 'ANDREA RAHMOYO PUTRO', '1992-12-14', 'BELUM KAWIN', '2018-01-19', 'AMBARAWA', 2018, 'PELAJAR/MAHASISWA', ''),
(21, 99, 'BAGUS SATRIO SILINDUNG', '1996-05-20', 'BELUM KAWIN', '2018-01-19', 'TARUTUNG', 2018, 'PELAJAR/MAHASISWA', ''),
(22, 23, 'NUNUNG NURMALASARI', '1995-12-04', 'KAWIN', '2015-04-02', 'SUBANG', 2018, 'MENGURUS RUMAH TANGGA', '381603232-20180129-084132.jpg'),
(23, 40, 'ERNORA RUMIRIS HUTABARAT', '1969-02-18', 'CERAI MATI', '2018-01-19', 'BINJAI', 2018, 'MENGURUS RUMAH TANGGA', ''),
(24, 40, 'ORLANDO PERDANA SIHOMBING', '1994-06-29', 'BELUM KAWIN', '2018-01-19', 'MEDAN', 2018, 'PELAJAR MAHASISWA', '531724251-20180129-083157.jpg'),
(25, 1, 'a', '2018-01-10', 'belum', '2018-01-20', 'afdaf', 2018, '-', ''),
(26, 40, 'FERDINAND GILBERT SIHOMBING', '1999-07-12', 'BELUM KAWIN', '2018-01-19', 'BINJAI', 2018, 'PELAJAR/MAHASISWA', ''),
(27, 46, 'MAMAN. S', '1963-03-07', 'KAWIN', '2018-01-19', 'MAJALENGKA', 2018, 'WIRASWASTA', ''),
(28, 46, 'HAYATI', '1972-11-16', 'KAWIN', '2018-01-19', 'MAJALENGKA', 2018, 'MENGURUS RUMAH TANGGA', ''),
(29, 46, 'OIS RANI', '1990-02-22', 'BELUM KAWIN', '2018-01-19', 'MAJALENGKA', 2018, 'BELUM/TIDAK BEKERJA', ''),
(30, 46, 'IRWANSYAH HIDAYAT', '1996-05-09', 'BELUM KAWIN', '2018-01-19', 'MAJALENGKA', 2018, 'BELUM/TIDAK BEKERJA', '719021562-20180129-081310.jpg'),
(31, 46, 'ICA SOVINA', '1998-12-31', 'BELUM KAWIN', '2018-01-19', 'MAJALENGKA', 2018, 'PELAJAR/MAHASISWA', ''),
(32, 46, 'ADE JANA PUTRA', '2004-12-22', 'BELUM KAWIN', '2018-01-19', 'MAJALENGKA', 2018, 'PELAJAR/MAHASISWA', ''),
(33, 46, 'DEVIAN NURAHMAD', '2008-03-19', 'BELUM KAWIN', '2018-01-19', 'MAJALENGKA', 2018, 'PELAJAR/MAHASISWA', ''),
(34, 115, 'MUHAMMAD AKIP', '1952-03-10', 'KAWIN', '2018-01-19', 'PLAJU', 2018, 'PENSIUNAN', ''),
(35, 115, 'EMMA KARLIA', '1955-01-19', 'KAWIN', '2018-01-19', 'CIMAHI', 2018, 'PENSIUNAN', ''),
(36, 115, 'EKA NURHAYATI', '1982-02-25', 'BELUM KAWIN', '2018-01-19', 'BANDUNG', 2018, 'DOKTER', ''),
(37, 115, 'MUHAMMAD RIZAL SATRIA', '1988-09-04', 'BELUM KAWIN', '2018-01-19', 'CIMAHI', 2018, 'KARYAWAN SWASTA', '224170371-20180129-081459.jpg'),
(38, 6, 'ANNE YUNIA CHANDRA', '1971-06-04', 'MENIKAH', '2007-05-01', 'A', 2018, 'IBU RUMAH TANGGA', ''),
(39, 6, 'ALIF PUTRA BAHARI', '1997-08-01', 'BELUM MENIKAH', '2018-01-19', 'A', 2018, 'MAHASISWA', ''),
(40, 6, 'ABGHI WIRA AUNILLAH', '2006-11-25', 'BELUM MENIKAH', '2018-01-01', 'A', 2018, 'PELAJAR', ''),
(41, 38, 'ARIS', '1986-10-22', 'KAWIN', '2018-01-22', 'BANDUNG', 2018, 'KARYAWAN SWASTA', '14206829-20180129-075559.jpg'),
(42, 38, 'LIA YULIANTI', '1988-04-29', 'KAWIN', '2018-01-22', 'BANDUNG', 2018, 'MENGURUS RUMAH TANGGA', ''),
(43, 38, 'AMIRA KAYLA NATHALIA', '2014-08-19', 'BELUM KAWIN', '2018-01-22', 'BANDUNG', 2018, 'BELUM/TIDAK BEKERJA', ''),
(44, 38, 'MUHAMMAD NAUFAL ADITYA', '2016-07-13', 'BELUM KAWIN', '2018-01-22', 'BANDUNG', 2018, 'BELUM/TIDAK BEKERJA', ''),
(45, 20, 'YAYAT RUHIYAT', '1972-06-15', 'KAWIN', '2018-01-22', 'BANDUNG', 2018, 'KARYAWAN SWASTA', ''),
(46, 20, 'CUCU CUNAYAH', '1972-06-27', 'KAWIN', '2018-01-22', 'BANDUNG', 2018, 'MENGURUS RUMAH TANGGA', ''),
(47, 20, 'DARAZAT PRATAMA RUHIYAT', '1992-04-17', 'BELUM KAWIN', '2018-01-22', 'BANDUNG', 2018, 'PELAJAR/MAHASISWA', ''),
(48, 20, 'IQBHAL PRASETIYA RUHIYAT', '1997-11-15', 'BELUM KAWIN', '2018-01-22', 'BANDUNG', 2018, 'PELAJAR/MAHASISWA', ''),
(49, 20, 'SHIFA SALSABILA RUHIYAT', '2009-05-06', 'BELUM KAWIN', '2018-01-22', 'BANDUNG', 2018, 'PELAJAR/MAHASISWA', ''),
(50, 20, 'BUDI KOMARA', '1995-10-05', 'BELUM KAWIN', '2018-01-22', 'MAJALENGKA', 2018, 'KARYAWAN HONORER', '1094977700-20180129-080516.jpg'),
(51, 9, 'SUSI RAHAYU', '1991-08-22', 'MENIKAH', '2011-02-01', 'A', 2018, 'IBU RUMAH TANGGA', ''),
(52, 9, 'MUHAMMAD DAFFA AMAURI YAQZHAN', '2012-01-07', 'BELUM MENIKAH', '2018-01-01', 'A', 2018, 'BELUM SEKOLAH', ''),
(53, 92, 'MUBASSIRAN', '1976-10-17', 'KAWIN', '2018-01-25', 'JAKARTA', 2018, 'KARYAWAN SWASTA', '490163533-20180129-082224.jpg'),
(54, 12, 'WULANI', '1990-01-06', 'MENIKAH', '2018-01-01', 'A', 2018, 'IBU RUMAH TANGGA', ''),
(55, 92, 'ELVI ELLAITA SAHARAH ,AMG', '1975-10-02', 'KAWIN', '2018-01-25', 'BANDUNG', 2018, 'MENGURUS RUMAH TANGGA', ''),
(56, 12, 'MUHAMMAD HARLAN M', '2010-03-24', 'BELUM MENIKAH', '2018-01-01', 'ANAK KE 1', 2018, 'BELUM SEKOLAH', ''),
(57, 92, 'GHINA SYAKIRA', '2003-10-15', 'BELUM KAWIN', '2018-01-25', 'BANDUNG', 2018, 'PELAJAR/MAHASISWA', ''),
(58, 12, 'ARSYILLA HASNA SYAWALIANI', '2014-08-01', 'BELUM MENIKAH', '2018-01-01', 'ANAK KE 2', 2018, 'BELUM SEKOLAH', ''),
(59, 92, 'WAFA NADIA', '2005-04-11', 'BELUM KAWIN', '2018-01-25', 'BANDUNG', 2018, 'BELUM/TIDAK BEKERJA', ''),
(60, 92, 'MUHAMMAD FATHI FARHAT', '2008-12-08', 'BELUM KAWIN', '2018-01-25', 'BANDUNG', 2018, 'BELUM/TIDAK BEKERJA', ''),
(61, 51, 'RONI ANDARSYAH, ST', '1988-05-20', 'KAWIN', '2018-01-25', 'CIAMIS', 2018, 'KARYAWAN SWASTA', '932569207-20180129-084020.jpg'),
(62, 51, 'LISNA HERLIANI', '1987-01-14', 'KAWIN', '2018-01-25', 'SUMEDANG', 2018, 'KARYAWAN SWASTA', ''),
(63, 51, 'AL-GIBRAN FATHUL RIZKY', '2014-08-01', 'BELUM KAWIN', '2018-01-25', 'SUMEDANG', 2018, 'BELUM/TIDAK BEKERJA', ''),
(64, 30, 'RONI ANDARSYAH, ST', '2018-01-25', 'KAWIN', '2018-01-25', 'CIAMIS', 2018, 'KARYAWAN SWASTA', ''),
(65, 30, 'LISNA HERLIANI', '2018-01-25', 'KAWIN', '2018-01-25', 'SUMEDANG', 2018, 'KARYAWAN SWASTA', ''),
(66, 30, 'AL-GIBRAN FATHUL RIZKY', '2018-01-25', 'BELUM KAWIN', '2018-01-25', 'SUMEDANG', 2018, 'BELUM/TIDAK BEKERJA', ''),
(67, 11, 'HENI ROSITA', '1988-04-28', 'MENIKAH', '2005-02-01', 'ISTRI', 2018, 'IBU RUMAH TANGGA', ''),
(68, 11, 'M. FAUZAN PRAMANA PUTRA', '2006-04-14', 'BELUM MENIKAH', '2018-01-01', 'ANAK KE 1', 2018, 'PELAJAR', ''),
(69, 11, 'PRATAMA ADHIFA PUTRA', '2014-01-02', 'BELUM MENIKAH', '2018-01-01', 'ANAK KE 2', 2018, 'BELUM SEKOLAH', ''),
(70, 13, 'TITING SURYATI', '1948-11-10', 'CERAI MATI', '2018-01-25', 'GARUT', 2018, 'MENGURUS RUMAH TANGGA', ''),
(71, 13, 'ASEP GUMILAR', '1969-06-10', 'BELUM KAWIN', '2018-01-25', 'BANDUNG', 2018, 'KARYAWAN SWASTA', '328614355-20180201-092656.jpg'),
(72, 116, 'YAYAN SURYANI', '1978-08-29', 'MENIKAH', '1995-06-07', 'ISTRI', 2018, 'IBU RUMAH TANGGA', ''),
(73, 116, 'FARI RIZKI MULYANA', '2003-04-29', 'BELUM MENIKAH', '2018-01-01', 'ANAK KE2', 2018, 'PELAJAR', ''),
(74, 116, 'AYU YULIANA', '2010-04-18', 'BELUM MENIKAH', '2018-01-01', 'ANAK KE 3', 2018, 'BELUM SEKOLAH', ''),
(75, 116, 'HERY RIZAL DWIGUNA', '2014-03-24', 'BELUM MENIKAH', '2018-01-01', 'ANAK KE 4', 2018, 'BELUM SEKOLAH', ''),
(76, 17, 'YAYAT RUHIYAT', '1972-06-15', 'KAWIN', '2018-01-25', 'BANDUNG', 2018, 'KARYAWAN SWASTA', '757481057-20180131-031838.jpg'),
(77, 17, 'CUCU CUNAYAH', '1972-06-27', 'KAWIN', '2018-01-25', 'BANDUNG', 2018, 'MENGURUS RUMAH TANGGA', ''),
(78, 17, 'DARAZAT PRATAMA RUHIYAT', '1992-04-17', 'BELUM KAWIN', '2018-01-25', 'BANDUNG', 2018, 'PELAJAR/MAHASISWA', ''),
(79, 17, 'IQBHAL PRASETIYA RUHIYAT', '1997-11-15', 'BELUM KAWIN', '2018-01-25', 'BANDUNG', 2018, 'PELAJAR/MAHASISWA', ''),
(80, 17, 'SHIFA SALSABILA RUHIYAT', '2009-05-06', 'BELUM KAWIN', '2018-01-25', 'BANDUNG', 2018, 'PELAJAR/MAHASISWA', ''),
(81, 17, 'BUDI KOMARA', '1995-10-05', 'BELUM KAWIN', '2018-01-25', 'MAJALENGKA', 2018, 'KARYAWAN SWASTA', ''),
(82, 117, 'ESTUNING YUSALIMA AHSANI', '1986-09-22', 'MENIKAH', '2007-09-01', 'ISTRI', 2018, 'IBU RUMAH TANGGA', ''),
(83, 117, 'IRHAM HADI AHSANU', '2008-05-06', 'BELUM MENIKAH', '2018-01-01', 'ANAK KE 1', 2018, 'PELAJAR', ''),
(84, 60, 'CAHYO PRIANTO M.T', '1984-07-27', 'KAWIN', '2018-01-27', 'BANDUNG', 2018, 'DOSEN', '232967129-20180129-081808.jpg'),
(85, 60, 'SHOFI NAFISAH AHMAD., S.Si., A.Pt', '1985-04-17', 'KAWIN', '2018-01-27', 'BANDUNG', 2018, 'MENGURUS RUMAH TANGGA', ''),
(86, 60, 'ANIES NAILATUL IZZAH', '2009-02-19', 'BELUM KAWIN', '2018-01-27', 'CIMAHI', 2018, 'PELAJAR/MAHASISWA', ''),
(87, 60, 'ALIEFA NADIATUL IZZAH', '2010-02-21', 'BELUM KAWIN', '2018-01-27', 'CIMAHI', 2018, 'BELUM/TIDAK BEKERJA', ''),
(88, 60, 'ARHAM NASHIRUL IZZAH', '2013-07-02', 'BELUM KAWIN', '2018-01-27', 'CIMAHI', 2018, 'BELUM/TIDAK BEKERJA', ''),
(89, 18, 'ADI SUPRIADI', '1986-11-06', 'KAWIN', '2018-01-29', 'BANDUNG', 2018, 'KARYAWAN SWASTA', ''),
(90, 18, 'FITRI AGUSTINI JAYANTI', '1985-08-05', 'KAWIN', '2018-01-29', 'BANDUNG', 2018, 'KARYAWAN SWASTA', '1175840041-20180129-082034.jpg'),
(91, 18, 'MUHAMMAD HAFIDZ PUTRADITRI', '2011-01-12', 'BELUM KAWIN', '2018-01-29', 'BANDUNG', 2018, 'BELUM/TIDAK BEKERJA', ''),
(92, 1, 'a', '2018-01-28', '-', '2018-01-02', 'a', 2018, '-', '354852808-20180129-035335.jpg'),
(93, 1, 'aa', '2018-01-09', 'a', '2018-01-16', 'a', 2018, '-', ''),
(94, 83, 'SAPTONO KUSDANU WASKITO. SE. MM', '1960-06-01', 'KAWIN', '2018-01-29', 'SURABAYA', 2018, 'DOSEN', '503275135-20180129-084252.jpg'),
(95, 83, 'MUJI RAHAYU', '1970-01-01', 'KAWIN', '2018-01-29', 'MOJOKERTO', 2018, 'MENGURUS RUMAH TANGGA', ''),
(96, 83, 'CHANDRA KESUMA WIDHIARTI', '1993-05-15', 'BELUM KAWIN', '2018-01-29', 'UJUNG PANDANG', 2018, 'PELAJAR/MAHASISWA', ''),
(97, 25, 'HARNO SUWITO MARDI', '1946-05-01', 'KAWIN', '2018-01-29', 'BOYOLALI', 2018, 'PETANI/PERKEBUNAN', ''),
(98, 25, 'SLAMET', '1951-07-01', 'KAWIN', '2018-01-29', 'BOYOLALI', 2018, 'PEDAGANG', ''),
(99, 25, 'SUGIYARTI', '1982-12-16', 'BELUM KAWIN', '2018-01-29', 'BOYOLALI', 2018, 'KARYAWAN SWASTA', ''),
(100, 25, 'MUJIYONO', '1986-01-26', 'BELUM KAWIN', '2018-01-29', 'BOYOLALI', 2018, 'KARYAWAN SWASTA', '235638676-20180129-082753.jpg'),
(101, 26, 'DEDI JUNAEDI', '1969-07-26', 'KAWIN', '2018-01-29', 'BANDUNG', 2018, 'KARYAWAN SWASTA', '796028535-20180129-080756.jpg'),
(102, 26, 'ENA ROSMINA', '1972-05-13', 'KAWIN', '2018-01-29', 'BANDUNG', 2018, 'MENGURUS RUMAH TANGGA', ''),
(103, 26, 'FAISAL AKBAR RAMADHAN', '1996-02-09', 'BELUM KAWIN', '2018-01-29', 'BANDUNG', 2018, 'PELAJAR/MAHASISWA', ''),
(104, 19, 'MUH SOLEH', '1962-05-04', 'KAWIN', '2018-01-29', 'MAGELANG', 2018, 'WIRASWASTA', ''),
(105, 19, 'SULASIYAH', '1966-07-12', 'KAWIN', '2018-01-29', 'MAGELANG', 2018, 'WIRASWASTA', ''),
(106, 19, 'PUSPO RETNANINGTYAS', '1987-03-16', 'BELUM KAWIN', '2018-01-29', 'MAGELANG', 2018, 'MAHASISWI', '455680447-20180129-083552.jpg'),
(107, 19, 'FEBRIANA FAJAR RAMADHANI', '1994-02-12', 'BELUM KAWIN', '2018-01-29', 'MAGELANG', 2018, 'PELAJAR/MAHASISWA', ''),
(108, 93, 'RULI KOSWARA', '1981-11-20', 'KAWIN', '2018-01-29', 'BANDUNG', 2018, 'KARYAWAN SWASTA', ''),
(109, 93, 'PUPUNG PUJI PRAMESTI ISKANDAR S.Kom., MTi', '2018-01-29', 'KAWIN', '2018-01-29', 'BANDUNG', 2018, 'KARYAWAN SWASTA', '373485766-20180129-083332.jpg'),
(110, 93, 'NAFEEZA KIREYNAHIKARI', '2009-12-12', 'BELUM KAWIN', '2018-01-29', 'BANDUNG', 2018, 'BELUM/TIDAK BEKERJA', ''),
(111, 32, 'ERMIN WINOTO', '1963-06-12', 'KAWIN', '2018-01-30', 'CIREBON', 2018, 'WIRASWASTA', ''),
(112, 32, 'TITING CARAWATI WAHYUNI', '1970-04-14', 'KAWIN', '2018-01-30', 'CIREBON', 2018, 'GURU', ''),
(113, 32, 'NADIA ZUKHFUR MAULID', '2013-02-12', 'BELUM KAWIN', '2018-01-30', 'CIREBON', 2018, 'BELUM/TIDAK BEKERJA', ''),
(114, 32, 'IRIANTI ANING W FIRDAUS', '1992-12-18', 'BELUM KAWIN', '2018-01-30', 'WAMENA', 2018, 'PELAJAR/MAHASISWA', '833258711-20180201-100419.jpg'),
(115, 32, 'DENI BRAJA ASTRA JINGGA FIRDAUS', '1997-04-19', 'BELUM KAWIN', '2018-01-30', 'SORONG', 2018, 'PELAJAR/MAHASISWA', ''),
(116, 34, 'HENDI KURNIA', '1982-05-09', 'KAWIN', '2018-01-30', 'BANDUNG', 2018, 'KEPOLISIAN RI (POLRI)', ''),
(117, 34, 'MAYASARI ANDRIANI', '1978-10-03', 'KAWIN', '2018-01-30', 'BANDUNG', 2018, 'KARYAWAN SWASTA', ''),
(118, 34, 'RENDY ARYA LUTHFIYADI', '2003-09-21', 'BELUM KAWIN', '2018-01-30', 'BANDUNG', 2018, 'PELAJAR/MAHASISWA', ''),
(119, 34, 'RAFAN ALDEN BARNES', '2011-05-22', 'BELUM KAWIN', '2018-01-30', 'BANDUNG', 2018, 'PELAJAR/MAHASISWA', ''),
(120, 34, 'RAFARDHAN MUHAMMAD KURNIA', '2017-04-30', 'BELUM KAWIN', '2018-01-30', 'BANDUNG', 2018, 'BELUM/TIDAK BEKERJA', ''),
(121, 119, 'ALI MOHAMAD REZZA ST., MM', '1982-01-09', 'KAWIN', '2018-01-31', 'BANDUNG', 2018, 'KARYAWAN SWASTA', ''),
(122, 119, 'DEBY YUNIASARI', '1986-06-23', 'KAWIN', '2018-01-31', 'JAKARTA', 2018, 'KARYAWAN BUMN', ''),
(123, 119, 'ALKHALIFI RHEANDRA ZHAVIER REZZA', '2013-12-28', 'BELUM KAWIN', '2018-01-31', 'BOGOR', 2018, 'BELUM/TIDAK BEKERJA', ''),
(124, 29, 'DAUD NATAMIHARJA, S.Pd', '1958-11-28', 'KAWIN', '2018-01-31', 'CIAMIS', 2018, 'GURU', ''),
(125, 29, 'SITI MASITOH, S.Sos', '1961-05-08', 'KAWIN', '2018-01-31', 'TASIKMALAYA', 2018, 'KARYAWAN SWASTA', ''),
(126, 29, 'HANI TEJARESMI N', '1990-09-23', 'BELUM KAWIN', '2018-01-31', 'TASIKMALAYA', 2018, 'KARYAWAN SWASTA', '900448041-20180201-094829.jpg'),
(127, 29, 'AYU USWATUN HASANAH', '1998-10-18', 'BELUM KAWIN', '2018-01-31', 'TASIKMALAYA', 2018, 'PELAJAR/MAHASISWA', ''),
(128, 55, 'GEDE KARYA', '1975-03-15', 'KAWIN', '2018-01-31', 'BULELENG', 2018, 'DOSEN', ''),
(129, 55, 'LUH SRI YULIANI', '1978-07-03', 'KAWIN', '2018-01-31', 'MATARAM', 2018, 'MENGURUS RUMAH TANGGA', ''),
(130, 55, 'NI LUH MELIKA CANDRA W M', '2001-05-10', 'BE', '2018-01-31', 'CIMAHI', 2018, 'PELAJAR/MAHASISWA', ''),
(131, 55, 'I MADE MEDIKA SURYA W M', '2004-07-08', 'BELUM KAWIN', '2018-01-31', 'CIMAHI', 2018, 'PELAJAR/MAHASISWA', ''),
(132, 55, 'I KOMANG MEHKA TRENGGANA W M', '2006-11-29', 'BELUM KAWIN', '2018-01-31', 'BANDUNG', 2018, 'PELAJAR/MAHASISWA', ''),
(133, 55, 'I MADE YADI DHARMA', '1981-01-13', 'BELUM KAWIN', '2018-01-31', 'MATARAM', 2018, 'BELUM/TIDAK BEKERJA', ''),
(134, 35, 'TETY ROHAETY', '1978-11-29', 'KAWIN', '2018-01-31', 'BANDUNG', 2018, 'KARYAWAN SWASTA', ''),
(135, 35, 'ELDRICH FAHMIWAR CHAIR', '2007-05-26', 'BELUM KAWIN', '2018-01-31', 'BEKASI', 2018, 'BELUM/TIDAK BEKERJA', ''),
(136, 35, 'BRUMAN IKBAR CHAIR', '2013-09-18', 'BELUM KAWIN', '2018-01-31', 'BANDUNG', 2018, 'BELUM/TIDAK BEKERJA', ''),
(137, 82, 'HERI SENOAJI', '1989-09-23', 'KAWIN', '2018-01-31', 'JAKARTA', 2018, 'WIRASWASTA', ''),
(138, 82, 'NONENG NURJANAH', '1989-12-23', 'KAWIN', '2018-01-31', 'CIAMIS', 2018, 'DOSEN', ''),
(139, 82, 'SHANUM ADANNA AJI', '2017-02-11', 'BELUM KAWIN', '2018-01-31', 'TASIKMALAYA', 2018, 'BELUM/TIDAK BEKERJA', ''),
(140, 67, 'IRWAN NURJAMAN, S.Ip', '1979-10-22', 'KAWIN', '2018-01-31', 'BANDUNG', 2018, 'PEGAWAI NEGERI SIPIL (PNS)', ''),
(141, 67, 'TIA SETIANI', '1986-10-25', 'KAWIN', '2018-01-31', 'BANDUNG', 2018, 'DOSEN', ''),
(142, 67, 'ADIVA FARIN RIFAYA', '2012-02-19', 'BELUM KAWIN', '2018-01-31', 'BANDUNG', 2018, 'BELUM/TIDAK BEKERJA', ''),
(143, 95, 'KETUT SUHENDRO', '1982-05-29', 'KAWIN', '2018-02-01', 'SUKARAJA III', 2018, 'KARYAWAN SWASTA', ''),
(144, 95, 'MADE IRMA DWIPUTRANTI', '1980-10-04', 'KAWIN', '2018-02-01', 'KUPANG', 2018, 'KARYAWAN SWASTA', '776082907-20180201-083131.jpg'),
(145, 95, 'I PUTU KENZE MAHENDRA PUTRA', '2010-03-28', 'BELUM KAWIN', '2018-02-01', 'BANDUNG', 2018, 'BELUM/TIDAK BEKERJA', ''),
(146, 95, 'I MADE KAVINDRA MAHANIPUNA', '2014-02-28', 'BELUM KAWIN', '2018-02-01', 'BANDUNG', 2018, 'BELUM/TIDAK BEKERJA', ''),
(147, 94, 'BAMBANG TRIPUTRANTO', '1979-07-11', 'KAWIN', '2018-02-01', 'BANDUNG', 2018, 'DOSEN', ''),
(148, 94, 'IRMA RACHMAWATI', '1978-11-30', 'KAWIN', '2018-02-01', 'BANDUNG', 2018, 'KARYAWAN SWASTA', '354114507-20180201-083449.jpg'),
(149, 94, 'ALARICK KYNAN RAFARDHAN PUTRANTO', '2012-01-30', 'BELUM KAWIN', '2018-02-01', 'BANDUNG', 2018, 'BELUM/TIDAK BEKERJA', ''),
(150, 14, 'EKO RIANTO M.', '1980-09-20', 'KAWIN', '2018-02-01', 'BANDUNG', 2018, 'KARYAWAN SWASTA', '410387881-20180201-084613.jpg'),
(151, 14, 'SITI HALIMAH', '1991-02-04', 'KAWIN', '2018-02-01', 'BANDUNG', 2018, 'MENGURUS RUMAH TANGGA', '125583630-20180201-084649.jpg'),
(152, 91, 'VIRDIANDRY PUTRATAMA', '1986-09-04', 'KAWIN', '2018-02-01', 'PONTIANAK', 2018, 'DOSEN', '171791899-20180202-090930.jpg'),
(153, 91, 'ANDRIYANI', '1985-12-03', 'KAWIN', '2018-02-01', 'TASIKMALAYA', 2018, 'KARYAWAN SWASTA', ''),
(154, 91, 'MUFID SA''DAN AL-IHSAN', '2015-09-06', 'BELUM KAWIN', '2018-02-01', 'BANDUNG', 2018, 'BELUM/TIDAK BEKERJA', ''),
(155, 91, 'NAUFAL MUTAQQIN ADITYA', '2017-01-07', 'BELUM KAWIN', '2018-02-01', 'BANDUNG', 2018, 'BELUM/TIDAK BEKERJA', ''),
(156, 91, 'FAIZ LIDWIBRIDO', '1990-09-28', 'BELUM KAWIN', '2018-02-01', 'PONTIANAK', 2018, 'KARYAWAN SWASTA', ''),
(157, 27, 'NANA SURYANA', '1969-08-07', 'KAWIN', '2018-02-01', 'SUMEDANG', 2018, 'KARYAWAN SWASTA', '286620899-20180201-090038.jpg'),
(158, 27, 'IIM DARIAH', '1965-05-25', 'KAWIN', '2018-02-01', 'BANDUNG', 2018, 'MENGURUS RUMAH TANGGA', '310976758-20180201-090126.jpg'),
(159, 27, 'RIDWAN KURNIA DINATA', '1995-12-28', 'BELUM KAWIN', '2018-02-01', 'BANDUNG', 2018, 'PELAJAR/MAHASISWA', '1046141562-20180201-090320.jpg'),
(160, 79, 'ACHMAD ADRIYANTO. MT', '1986-11-04', 'KAWIN', '2018-02-01', 'BANDUNG', 2018, 'DOSEN', '851369960-20180201-091134.jpg'),
(161, 79, 'RIKA RAHMA YENNI. SS', '1984-04-17', 'KAWIN', '2018-02-01', 'BUKITTINGGI', 2018, 'WIRASWASTA', '1087742673-20180201-091228.jpg'),
(162, 79, 'JIHAN RIZKY ALISHA', '2015-10-26', 'BELUM KAWIN', '2018-02-01', 'BANDUNG', 2018, 'BELUM/TIDAK BEKERJA', '1194092022-20180201-091309.jpg');

-- --------------------------------------------------------

--
-- Table structure for table `tbl_data_lain`
--

CREATE TABLE IF NOT EXISTS `tbl_data_lain` (
  `id_lain` int(11) NOT NULL AUTO_INCREMENT,
  `id_pertanyaan` int(11) NOT NULL,
  `id_pegawai` int(11) NOT NULL,
  `keterangan` varchar(500) NOT NULL,
  PRIMARY KEY (`id_lain`)
) ENGINE=InnoDB  DEFAULT CHARSET=latin1 AUTO_INCREMENT=3 ;

--
-- Dumping data for table `tbl_data_lain`
--

INSERT INTO `tbl_data_lain` (`id_lain`, `id_pertanyaan`, `id_pegawai`, `keterangan`) VALUES
(1, 1, 1, 'bersedia'),
(2, 6, 1, '1');

-- --------------------------------------------------------

--
-- Table structure for table `tbl_data_organisasi`
--

CREATE TABLE IF NOT EXISTS `tbl_data_organisasi` (
  `id_organisasi` int(50) NOT NULL AUTO_INCREMENT,
  `id_pegawai` int(50) NOT NULL,
  `uraian` text NOT NULL,
  `lokasi` varchar(100) NOT NULL,
  `tanggal` date NOT NULL,
  `foto` varchar(150) NOT NULL,
  PRIMARY KEY (`id_organisasi`)
) ENGINE=MyISAM DEFAULT CHARSET=latin1 AUTO_INCREMENT=1 ;

-- --------------------------------------------------------

--
-- Table structure for table `tbl_data_pegawai`
--

CREATE TABLE IF NOT EXISTS `tbl_data_pegawai` (
  `id_pegawai` int(50) NOT NULL AUTO_INCREMENT,
  `nip` varchar(100) NOT NULL,
  `nip_lama` varchar(100) NOT NULL,
  `no_kartu_pegawai` varchar(100) NOT NULL,
  `nama_pegawai` varchar(150) NOT NULL,
  `tempat_lahir` varchar(150) NOT NULL,
  `tanggal_lahir` date NOT NULL,
  `jenis_kelamin` varchar(20) NOT NULL,
  `agama` varchar(50) NOT NULL,
  `usia` varchar(10) NOT NULL,
  `status_pegawai` varchar(50) NOT NULL,
  `tanggal_pengangkatan_cpns` date NOT NULL,
  `alamat` text NOT NULL,
  `no_npwp` varchar(75) NOT NULL,
  `no_KTP` varchar(30) NOT NULL,
  `no_KK` varchar(30) NOT NULL,
  `kartu_askes_pegawai` varchar(100) NOT NULL,
  `status_pegawai_pangkat` varchar(50) NOT NULL,
  `id_golongan` int(20) NOT NULL,
  `nomor_sk_pangkat` varchar(50) NOT NULL,
  `tanggal_sk_pangkat` date NOT NULL,
  `tanggal_mulai_pangkat` date NOT NULL,
  `tanggal_selesai_pangkat` date NOT NULL,
  `id_status_jabatan` int(20) NOT NULL,
  `id_kelompok_pegawai` int(50) NOT NULL,
  `id_jabatan` int(20) NOT NULL,
  `id_unit_kerja` int(20) NOT NULL,
  `id_satuan_kerja` int(20) NOT NULL,
  `lokasi_kerja` varchar(100) NOT NULL,
  `nomor_sk_jabatan` varchar(50) NOT NULL,
  `tanggal_sk_jabatan` date NOT NULL,
  `tanggal_mulai_jabatan` date NOT NULL,
  `tanggal_selesai_jabatan` date NOT NULL,
  `id_eselon` int(20) NOT NULL,
  `tmt_eselon` varchar(50) NOT NULL,
  `foto` varchar(100) NOT NULL,
  `jenis_pegawai` int(55) NOT NULL,
  `jabatan_fungsional` int(55) NOT NULL,
  PRIMARY KEY (`id_pegawai`)
) ENGINE=MyISAM  DEFAULT CHARSET=latin1 AUTO_INCREMENT=121 ;

--
-- Dumping data for table `tbl_data_pegawai`
--

INSERT INTO `tbl_data_pegawai` (`id_pegawai`, `nip`, `nip_lama`, `no_kartu_pegawai`, `nama_pegawai`, `tempat_lahir`, `tanggal_lahir`, `jenis_kelamin`, `agama`, `usia`, `status_pegawai`, `tanggal_pengangkatan_cpns`, `alamat`, `no_npwp`, `no_KTP`, `no_KK`, `kartu_askes_pegawai`, `status_pegawai_pangkat`, `id_golongan`, `nomor_sk_pangkat`, `tanggal_sk_pangkat`, `tanggal_mulai_pangkat`, `tanggal_selesai_pangkat`, `id_status_jabatan`, `id_kelompok_pegawai`, `id_jabatan`, `id_unit_kerja`, `id_satuan_kerja`, `lokasi_kerja`, `nomor_sk_jabatan`, `tanggal_sk_jabatan`, `tanggal_mulai_jabatan`, `tanggal_selesai_jabatan`, `id_eselon`, `tmt_eselon`, `foto`, `jenis_pegawai`, `jabatan_fungsional`) VALUES
(1, '001', '001', '0', 'asa', 'Bandung', '1970-01-12', 'Laki-Laki', 'Islam', '48', '5', '2017-12-31', 'sada', 'ada', 'asd', 'asd', 'asd', '3', 18, '0010', '2017-12-31', '2017-12-31', '2017-12-31', 2, 0, 2363, 1, 7, '1', '001', '2017-12-31', '2017-12-31', '2017-12-31', 0, '0', '542251548-20180129-032755.jpg', 2, 0),
(2, '001', '001', '0', 'asdsds', 'asds', '2018-01-02', 'Laki-Laki', 'Islam', '0', '2', '2018-01-31', 'asdsd', '001', '001', '001', '001', '2', 6, '01001', '2018-01-29', '2018-01-29', '2018-01-29', 2, 0, 2359, 2, 185, '2', '001', '2018-01-29', '2018-01-29', '2018-01-30', 0, '0', '1167358284-20180129-032625.jpg', 2, 1),
(3, '10164009', '10164009', '0', 'Surya Ramadhan Noor', 'Bandung', '1964-01-16', 'Laki-Laki', 'Islam', '54thn 0bln', '18', '2001-04-01', 'JL. SARI ASIH NO. 54', '273397471424000', '3273011601640003', '3273012905120008', '0110', '18', 16, 'SK.124/YPBPI/0917', '2017-09-13', '2001-04-01', '2032-04-01', 2, 0, 2352, 244, 7, '3', '01', '2018-01-10', '2018-01-10', '2018-01-10', 0, '0', '', 3, 0),
(4, '10177031', '10177031', '0', 'DENI GUNAWAN', 'BANDUNG', '2018-01-10', 'Laki-Laki', 'Islam', '40thn 4bln', '18', '2003-04-01', 'KOMPLEK GADING JUNTI ASRI BLOK D4/24 KABUPATEN BANDUNG', '681419651424000', '3204120309770011', '3204111408120007', '02', '18', 12, 'SK.123/YPBPI/0917', '2017-09-18', '2003-04-01', '2032-04-01', 2, 0, 2345, 244, 7, '3', '02', '2018-01-10', '2018-01-10', '2018-01-10', 0, '0', '', 1, 0),
(5, '10682100', '10682100', '0', 'NOPI YARDANI', 'BANDUNG', '1982-11-29', 'Perempuan', 'Islam', '35thn 2bln', '15', '2006-04-01', 'JL. AGASTYA I P3 NO 20', '03', '3277016911820022', '3277011102080033', '03', '15', 9, 'SK.168/YPBPI/1117', '2017-11-02', '2006-04-01', '2037-04-01', 2, 0, 2345, 239, 7, '3', '0', '2018-01-10', '2018-01-10', '2018-01-10', 0, '0', '', 1, 0),
(6, '10672104', '10672104', '0', 'DIKKY KARIANDA SAIMONA', 'BANDUNG', '1972-11-04', 'Laki-Laki', 'Islam', '45thn 2bln', '15', '2006-06-01', 'JL. KARTIKA II BLOK C NO 8 CIPACING', '1', '3211150411720009', '3211151608110010', '1', '15', 15, '106/SK/0614', '2014-06-19', '2006-06-01', '2027-06-01', 2, 0, 2345, 239, 7, '3', '1', '2018-01-10', '2018-01-10', '2018-01-10', 0, '0', '', 1, 0),
(7, '10961125', '10961125', '0', 'TOTO SUWARSA', 'BANDUNG', '1961-09-19', 'Laki-Laki', 'Islam', '56thn 4bln', '15', '2001-04-01', 'GRIYA CEMPAKA ARUM D9 N0 93B BANDUNG', '1', '3273271909610001', '3273271210108437', '02', '15', 14, '1', '2018-01-10', '2018-01-10', '2018-01-10', 2, 0, 2352, 239, 187, '3', '1', '2018-02-01', '2018-02-01', '2018-02-01', 0, '0', '', 3, 0),
(8, '21677166', '21677166', '0', 'DEDI ROHAEDI', 'BANDUNG', '1977-08-01', 'Laki-Laki', 'Islam', '40thn 5bln', '3', '2020-01-02', 'CICARITA CIWARUGA KABUPATEN BANDUNG BARAT', '0', '3217020108770015', '3217020708070013', '0', '3', 13, '1', '2018-01-01', '2018-01-01', '2018-01-01', 2, 0, 2345, 245, 189, '3', '1', '2018-01-01', '2018-01-01', '2018-01-01', 0, '0', '', 4, 0),
(9, '11084140', '11084140', '0', 'MOCHAMAD ROCHMAN', 'BANDUNG', '1984-01-01', 'Laki-Laki', 'Islam', '34thn 0bln', '15', '2018-01-01', 'JL. CIJEROKASO NO. 54 BANDUNG', '1', '3273010801840007', '3273012302110002', '1', '15', 8, '088/SK/YPBPI/0816', '2015-07-09', '2010-08-01', '1970-01-01', 2, 0, 2399, 239, 187, '3', '1', '2018-01-28', '2018-01-28', '2018-01-28', 0, '0', '', 4, 0),
(10, '10677101', '10677101', '0', 'HENDRA GUNAWAN', 'SUKABUMI', '1977-12-12', 'Laki-Laki', 'Islam', '40thn 1bln', '15', '2006-04-01', 'JL. CICUKANG CISARANTEN BANDUNG', '1', '105018012770001', '1050181030679', '1', '15', 9, '137/YPBPI/SK/0914', '2014-09-15', '2006-04-01', '2032-04-01', 2, 0, 2345, 239, 187, '3', '1', '2018-01-01', '2018-01-01', '2018-01-01', 0, '0', '', 4, 0),
(11, '11484181', '11484181', '0', 'AHMAD SUHENDRAYANI', 'BANDUNG', '1984-08-01', 'Laki-Laki', 'Islam', '33thn 5bln', '15', '2014-08-04', 'KP. CIEUNDEUR RT 03/02 WARUNG KONDANG CIANJUR', '1', '3203020108840010', '3203022712100175', '1', '15', 7, '127/SK/YPBPI/0814', '2014-08-04', '2014-08-04', '2038-08-04', 2, 0, 2345, 239, 187, '3', '1', '2018-01-11', '2018-01-11', '2018-01-01', 0, '0', '', 4, 0),
(12, '11080141', '11080141', '0', 'AHMAD YANI', 'BANDUNG', '1980-04-03', 'Laki-Laki', 'Islam', '37thn 9bln', '15', '2010-08-01', 'JL. IBU GANIRAH RT 003/003 CIMAHI SELATAN', '1', '3277010304800004', '3277011606100190', '1', '15', 8, '087/YPBPI/SK/0816', '2016-08-10', '2010-08-01', '2035-08-01', 2, 0, 2345, 239, 187, '3', '1', '2018-01-11', '2018-01-11', '2018-01-11', 0, '0', '', 4, 0),
(13, '110.69.145', '110.69.145', '0', 'ASEP GUMILAR A.Md', 'BANDUNG', '1969-10-06', 'Laki-Laki', 'Islam', '48thn 3bln', '5', '2011-07-01', 'DS. CIPEUNDEUY NO. 29 RT 01/12 DS. CIPACING KEC. SUMEDANG', '54.155.562.9-446.000', '3211151006690010', '321150110130007', '11010972724', '5', 12, '115/YPBPI/SK/0615', '2015-06-25', '2015-06-25', '2015-06-25', 6, 0, 2358, 2, 215, '1', '0', '2018-01-01', '2018-01-01', '2018-01-01', 0, '0', '', 4, 0),
(14, '114.80.169', '114.80.169', '0', 'EKO RIANTO', 'BANDUNG', '1980-09-20', 'Laki-Laki', 'Islam', '37thn 4bln', '5', '2018-01-02', 'PERUM ALAM SANGGAR INDAH RT 001 RW 012 DESA CITAPEN KEC. CIHAMPELAS KBB', '55.286.928.1-421.-000', '3273012009800002', '3217102604160011', '0001449921835', '5', 7, '1', '2018-01-02', '2018-01-02', '2018-01-02', 2, 0, 2396, 2, 194, '1', '1', '2018-01-02', '2018-01-02', '2018-01-02', 0, '0', '415150833-20180201-084234.jpg', 4, 0),
(15, '216.84.167', '216.84.167', '0', 'BUDI ENDARTO PUTRA', 'PURBALINGGA', '1984-10-23', 'Laki-Laki', 'Islam', '33thn 3bln', '20', '2018-01-03', 'JL. TERUSAN PESANTREN XVI U-211 ARCAMANIK BANDUNG', '0', '0', '0', '0', '20', 7, '0', '2018-01-03', '2018-01-03', '2018-01-03', 2, 0, 2402, 253, 216, '1', '0', '2018-01-03', '2018-01-03', '2018-01-03', 0, '0', '', 4, 0),
(16, '110.85.143', '110.85.143', '0', 'OKI NURJAMAN, ST', 'SUMEDANG', '1985-10-03', 'Laki-Laki', 'Islam', '32thn 3bln', '5', '2010-07-01', 'KP. CIHIDUENG NO. 2 RT 004/007 KAB. BANDUNG BARAT PARONGPONG', '459221123446000', '3211220310850002', '3217021102140023', '11010972666000', '5', 12, '0', '2015-06-25', '2015-06-25', '2019-06-25', 6, 0, 2359, 251, 208, '1', '0', '2018-01-04', '2018-01-04', '2018-01-04', 0, '0', '739150612-20180129-082935.jpg', 4, 0),
(17, '105.72.091', '105.72.091', '0', 'YAYAT RUHIYAT A.Md', 'BANDUNG', '1972-06-15', 'Laki-Laki', 'Islam', '45thn 7bln', '5', '2018-01-05', 'JL. SARI ASIH 2 CIJEROKASO RT 06 / RW 010 NO 7 SARIJADI', '75.795.848.3-428.000', '3273011506720009', '3273012607109662', '0001140390112', '5', 12, '0', '2018-01-05', '2018-01-05', '2018-01-05', 6, 0, 2358, 2, 199, '1', '0', '2018-01-05', '2018-01-05', '2018-01-05', 0, '0', '716982986-20180129-083033.jpg', 4, 0),
(18, '110.86.137', '110.86.137', '0', 'FITRI AGUSTINI JAYANTI A.Md', 'BANDUNG', '1986-08-05', 'Perempuan', 'Islam', '31thn 5bln', '5', '2018-01-06', 'GRAHA RANCAMANYAR JL. MAWAR II NO. 92 KAB. BANDUNG', '76.543.109.3-444.000', '3204314508850006', '3204310701100023', '110109730940011', '5', 11, '0', '2018-01-06', '2018-01-06', '2018-01-06', 2, 0, 2358, 2, 199, '1', '0', '2018-01-06', '2018-01-06', '2018-01-06', 0, '0', '903238946-20180129-080904.jpg', 4, 0),
(19, '109.87.132', '109.87.132', '0', 'PUSPO RETNANINGTYAS A.Md', 'MAGELANG', '1987-03-16', 'Perempuan', 'Islam', '30thn 10bl', '5', '2010-06-01', 'PERUM SARIJADI BLOK 13 NO. 3 KEC. SUKASARI, BANDUNG', '45.306.220.0-524.000', '3308135603870002', '3308130307106391', '0001140373833', '5', 12, '078/YPBPI/SK/0614', '2014-06-02', '2014-06-01', '2018-05-31', 2, 0, 2358, 2, 199, '1', '0', '2018-01-07', '2018-01-07', '2018-01-07', 0, '0', '1150549953-20180129-083539.jpg', 4, 0),
(20, '117.95.235', '214.95.131', '0', 'BUDI KOMARA', 'MAJALENGKA', '1995-10-05', 'Laki-Laki', 'Islam', '22thn 3bln', '5', '2018-01-02', 'JL. CIJEROKASO RT / RW 01/10 SARIJADI, SUKASARI', '0', '3210010510950021', '3273012607109662', '0001663073155', '5', 7, 'SK. 009/YPBPI/0118', '2018-01-08', '2018-01-02', '2018-01-08', 2, 0, 2357, 1, 201, '1', '0', '2018-01-08', '2018-01-08', '2018-01-08', 0, '0', '849585705-20180129-080458.jpg', 4, 0),
(21, '105.70.090', '105.70.090', '0', 'RD. PRIATNA DIWANGSA A.Md', 'BANDUNG', '1970-12-20', 'Laki-Laki', 'Islam', '47thn 1bln', '5', '2005-03-01', 'JL. SARI ASIH NO. 54 BANDUNG', '19.544.473.2-428.000', '3273012012700006', '32730112707100779', '0001140409124', '5', 12, '004/SK/YPBPI/0306', '2005-03-01', '2005-03-01', '2018-01-09', 2, 0, 2356, 247, 195, '1', '004/SK/YPBPI/0306', '2006-03-01', '2006-03-01', '2018-01-09', 0, '0', '79567010-20180129-083745.jpg', 4, 0),
(22, '110.86.134', '110.86.134', '0', 'DEWI ERYANTI ST', 'SUMEDANG', '1986-12-08', 'Perempuan', 'Islam', '31thn 1bln', '5', '2018-01-10', 'KP CIWARUGA NO. 28 RT 03 RW 06 DESA CIWARUGA PARONGPONG BANDUNG BARAT', '45.785.245.7-446.000', '3211174812860006', '0', '0', '5', 12, '0', '2018-01-10', '2018-01-10', '2018-01-10', 2, 0, 2357, 1, 201, '1', '0', '2018-01-10', '2018-01-10', '2018-01-10', 0, '0', '', 4, 0),
(23, '215.94.154', '215.94.154', '0', 'RONI SUPRIADI', 'SUBANG', '1994-12-26', 'Laki-Laki', 'Islam', '23thn 1bln', '20', '2018-01-11', 'KP. CIJENGKOL 2 RT 015 RW 008 DESA CIJENGKOL KAB. SUBANG', '0', '3213232612940004', '3213232107160001', '0001670224217', '20', 7, '054', '2018-01-11', '2018-01-11', '2018-01-11', 7, 0, 2355, 249, 196, '1', '054', '2018-01-11', '2018-01-11', '2018-01-11', 0, '0', '991794138-20180129-084124.jpg', 4, 0),
(24, '215.96.155', '215.96.155', '0', 'HERI HERYANTO', 'MAJALENGKA', '1996-07-18', 'Laki-Laki', 'Islam', '21thn 6bln', '19', '2018-01-12', 'CIKAPUNDUNG 003/004 DESA DAYEUHWANGI MAJALENGKA', '0', '0', '0', '0', '20', 7, '0', '2018-01-12', '2018-01-12', '2018-01-12', 2, 0, 2392, 1, 7, '1', '0', '2018-01-12', '2018-01-12', '2018-01-12', 0, '0', '', 4, 0),
(25, '114.86.172', '114.86.172', '0', 'MUJIYONO A.Md', 'BOYOLALI', '1986-01-26', 'Laki-Laki', 'Islam', '32thn 0bln', '5', '2014-04-01', 'NGARGOREJO RT 02 RW 04 NGEMPLAK BOYOLALI JATENG 57371', '76.501.128.3-527.000', '3309112601860001', '3309111508060038', '0001141972457', '5', 11, '0', '2018-01-13', '2018-01-13', '2018-01-13', 2, 0, 2401, 252, 215, '1', '0', '2018-01-13', '2018-01-13', '2018-01-13', 0, '0', '736688894-20180129-082743.jpg', 4, 0),
(26, '106.69.108', '106.69.108', '0', 'DEDI JUNAEDI', 'BANDUNG', '1969-07-27', 'Laki-Laki', 'Islam', '48thn 6bln', '5', '2007-06-14', 'JL. SETIABUDI KM 9.5 CIDADAP GIRANG RT 03 RW 05 NO. 48', '79.503.334.9-423.000', '3273082707690003', '3273082008102246', '0001140383867', '5', 7, '042/SK/YPBPI/0607', '2007-06-14', '2007-06-01', '2018-01-14', 2, 0, 2397, 2, 211, '1', '0', '2018-01-14', '2018-01-14', '2018-01-14', 0, '0', '826217570-20180129-080747.jpg', 4, 0),
(27, '106.69.109', '106.69.109', '0', 'NANA SURYANA', 'SUMEDANG', '1969-08-07', 'Laki-Laki', 'Islam', '48thn 5bln', '5', '2018-01-15', 'TERUSAN PESANTREN NO. 72 RT 04 RW 11 KEL. SUKAMISKIN KEC. ARCAMANIK BANDUNG', '72.894.489.3-429.000', '327324708690003', '3273240510105338', '11010972963', '5', 7, '0', '2018-01-15', '2018-01-15', '2018-01-15', 2, 0, 2397, 2, 211, '1', '0', '2018-01-15', '2018-01-15', '2018-01-15', 0, '0', '134215327-20180201-085829.jpg', 4, 0),
(28, '114.86.173', '113.86.096', '0', 'NIA OKTAPRIANTI A.Md', 'BANDUNG', '1986-10-07', 'Perempuan', 'Islam', '31thn 3bln', '5', '2014-01-16', 'JL. BOEING VI NO. 17 RT 03 RW 28 KEL. MELONG KEC. CIMAHI SELATAN KOTA CIMAHI 40534', '83.548.270.4-421.000', '3277014710860002', '3277010401160004', '0001784817718', '5', 11, '103/YPBPI/SK/0614', '2014-06-18', '2014-07-01', '2018-01-16', 2, 0, 2398, 257, 212, '1', '0', '2018-01-16', '2018-01-16', '2018-01-16', 0, '0', '', 4, 0),
(29, '215.90.161', '215.90.161', '0', 'HANI TEJARESMI NATAMIHARJA A.Md', 'TASIKMALAYA', '1990-09-23', 'Perempuan', 'Islam', '27thn 4bln', '20', '2018-01-17', 'JL. GUNUNG LENGGANG I NO. 46 BLOK 2 BUMI RESIK PANGLAYUNGAN TASIKMALAYA', '0', '3278026309900007', '3278021701110266', '16043191887000', '20', 10, '055/YPBPI/SK/1017', '2017-10-02', '2017-10-01', '2018-09-30', 2, 0, 2383, 259, 185, '1', '0', '2018-01-17', '2018-01-17', '2018-01-17', 0, '0', '33620725-20180201-094818.jpg', 4, 0),
(30, '114.87.171', '113.87.094', '0', 'LISNA HERLIANI A.Md', 'SUMEDANG', '1987-01-14', 'Perempuan', 'Islam', '31thn 0bln', '5', '2014-05-01', 'GRAHA RANCAMANYAR JL. KENANGA I NO. 14', '82.112.351.0-428.000', '3211185401870004', '3273012707103138', '0001141972569', '5', 11, '101/YPBPI/SK/0614', '2014-06-18', '2014-06-18', '2018-01-18', 6, 0, 2387, 262, 185, '1', '0', '2018-01-18', '2018-01-18', '2018-01-18', 0, '0', '', 4, 0),
(31, '113.89.101', '113.89.101', '0', 'WULANDARI A.Md', 'BANDUNG', '1989-02-11', 'Perempuan', 'Islam', '28thn 11bl', '5', '2018-01-19', 'KP. CIJARINGAO RT 04 RW 08 DESA LEBAKWANGI BANJARAN', '0', '0', '0', '0', '5', 10, '0', '2018-01-19', '2018-01-19', '2018-01-19', 2, 0, 2390, 261, 185, '1', '0', '2018-01-19', '2018-01-19', '2018-01-19', 0, '0', '', 4, 0),
(32, '214.92.129', '214.92.129', '0', 'IRIANTI ANING WF A.Md', 'WAMENA', '1992-12-18', 'Perempuan', 'Islam', '25thn 1bln', '20', '2018-01-20', 'BLOK WALAHAR RT/RW 003/001 KEL. WALAHAR KEC. GEMPOL KAB. CIREBON', '0', '9271055812920004', '3209370503130007', '0000155190971', '20', 10, '0', '2018-01-20', '2018-01-20', '2018-01-20', 2, 0, 2389, 260, 185, '1', '0', '2018-01-20', '2018-01-20', '2018-01-20', 0, '0', '', 4, 0),
(33, '110.87.142', '110.87.142', '0', 'RISKA RESDIANITA A.Md', 'SUKABUMI', '1987-04-11', 'Perempuan', 'Islam', '30thn 9bln', '5', '2018-01-21', 'KOMP. SARIWANGI CITYVIEW BLOK D/14', '0', '0', '0', '0', '5', 10, '0', '2018-01-21', '2018-01-21', '2018-01-21', 2, 0, 2385, 265, 185, '1', '0', '2018-01-21', '2018-01-21', '2018-01-21', 0, '0', '', 4, 0),
(34, '103.78.067', '103.78.067', '0', 'MAYASARI ANDRIANI A.Md', 'BANDUNG', '1978-10-03', 'Perempuan', 'Islam', '39thn 3bln', '5', '2003-05-01', 'JL. CURUG CANDUNG MOH. TOHA NO. 20 B BANDUNG', '46.268.116-4.422.000', '32731343110780006', '3223171110110020', '0001140409135', '5', 14, '113/YPBPI/SK/0615', '2015-06-25', '2015-05-25', '2019-05-25', 2, 0, 2386, 267, 185, '1', '08/SK/YPBPI/0104', '2004-01-02', '2004-01-02', '2018-01-22', 0, '0', '', 4, 0),
(35, '103.78.066', '103.78.066', '0', 'TETY ROHAETY SE', 'BANDUNG', '1978-11-29', 'Perempuan', 'Islam', '39thn 2bln', '5', '2004-01-01', 'JL. GEGER KALONG HILIR RT02/RW08 BANDUNG 40153', '19.557.732.5-428.000', '3273016911780003', '3273012102120004', '11010973045', '5', 14, '0', '2018-01-23', '2018-01-23', '2018-01-23', 2, 0, 2394, 263, 185, '1', '13/SK/YPBPI/0104', '2004-01-01', '2004-01-01', '2018-01-23', 0, '0', '', 4, 0),
(36, '11387167', '1138167', '0', 'ASEP NUGRAHA', 'BANDUNG', '1987-02-11', 'Laki-Laki', 'Islam', '30thn 11bl', '15', '2013-10-01', 'CIAMPEL  RT08 RW03 LAKSANA MEKAR BANDUNG BARAT', '0', '3217081102870024', '3217082007120046', '0', '15', 7, '008/SK/YPBPI/0114', '2014-01-02', '2013-10-01', '2042-10-01', 2, 0, 2345, 239, 187, '3', '0', '2018-01-15', '2018-01-15', '2018-01-15', 0, '0', '', 4, 0),
(37, '113.88.089', '113.88.089', '0', 'EMAY MARSITA A.Md', 'MAJALENGKA', '1988-08-04', 'Perempuan', 'Islam', '29thn 5bln', '5', '2018-01-25', 'DESA WARINGIN KEC. PALASAH KABUPATEN MAJALENGKA', '0', '0', '0', '0', '5', 10, '0', '2018-01-25', '2018-01-25', '2018-01-25', 2, 0, 2391, 264, 185, '1', '0', '2018-01-25', '2018-01-25', '2018-01-25', 0, '0', '', 4, 0),
(38, '117.86.234', '214.86.130', '0', 'ARIS', 'BANDUNG', '1986-11-22', 'Laki-Laki', 'Islam', '31thn 2bln', '5', '2018-01-02', 'KP. CILISUNG GG. SUKAMANAH I RT/RW 01/016 DESA SUKAMENAK KEC. MARGAHAYU KAB. BANDUNG 40227', '82.963.657.0-445.000', '3204091109860003', '3204091509140002', '16043191895', '5', 7, 'SK. 008/YPBPI/0118', '2018-01-08', '2018-01-02', '2018-01-26', 2, 0, 2357, 1, 201, '1', '0', '2018-01-26', '2018-01-26', '2018-01-26', 0, '0', '992696480-20180129-075543.jpg', 4, 0),
(39, '116.89.209', '215.89.136', '0', 'ZAKIY INSANI S.IIP', 'BANDUNG', '1989-02-19', 'Laki-Laki', 'Islam', '28thn 11bl', '5', '2018-01-27', 'JL. SANTOSA ASIH II NO. 8 RT 04 / RW 05, KEL. CIPAMOKALAN, KEC. RANCASARI KOTA BANDUNG', '74.962.811.1-429.000', '3273231902890001', '3273231209170001', '0', '5', 13, '108/YPBPI/SK/0916', '2016-09-14', '2016-09-01', '2018-01-26', 2, 0, 2356, 247, 195, '1', '0', '2018-01-26', '2018-01-26', '2018-01-26', 0, '0', '900200463-20180129-084839.jpg', 4, 0),
(40, '21794184', '21794184', '0', 'ORLANDO PERDANA SIHOMBING A.Md', 'MEDAN', '1994-06-18', 'Laki-Laki', 'Kristen Protestan', '23thn 7bln', '20', '2018-01-27', 'JL. CUT NYAK DIEN XIII NO. 5 KEL. TANAH TINGGI KEC. BINJAI TIMUR', '0', '1275042906940004', '1275042504160004', '0', '20', 10, '053/YPBPI/PKS/1216', '2016-12-01', '2016-12-01', '2018-01-27', 2, 0, 2355, 249, 196, '1', '0', '2018-01-27', '2018-01-27', '2018-01-27', 0, '0', '1050614632-20180129-083132.jpg', 4, 0),
(41, '11669224', '11669224', '0', 'TEDI SUTEDI', 'BANDUNG', '1969-12-16', 'Laki-Laki', 'Islam', '48thn 1bln', '15', '2016-03-07', 'KP. CIAMPEL RT 008/003 DESA LAKSANAMEKAR BANDUNG BARAT', '03', '3204011612690001', '3204010605053141', '0', '15', 7, '092/YPBPI/SK/0816', '2016-08-15', '2018-01-01', '2018-01-01', 2, 0, 2345, 239, 187, '3', '0', '2018-01-01', '2018-01-01', '2018-01-01', 0, '0', '', 4, 0),
(42, '11066138', '11066138', '0', 'RUHIYAT HABALI', 'BANDUNG', '1966-06-06', 'Laki-Laki', 'Islam', '51thn 7bln', '15', '2010-08-01', 'JL. CIJEROKASO NO. 32 BANDUNG', '0', '1050010606663009', '1050181030679', '02', '15', 6, '108/YPBPI/SK/0615', '2015-06-23', '2010-08-01', '2023-08-01', 2, 0, 2392, 239, 187, '3', '01', '2018-01-01', '2018-01-01', '2018-01-01', 0, '0', '', 4, 0),
(43, '103.75.056', '103.75.056', '0', 'DINI HAMIDIN S.Si., MBA., MT', 'BANDUNG', '1975-12-02', 'Perempuan', 'Islam', '42thn 1bln', '5', '2018-01-29', 'JL. CIKUTRA BARU V NO. 3 BANDUNG', '09.354.749.5-423.000', '0', '0', '0', '5', 15, '76/A2.3/KP/2016', '2016-01-01', '2016-01-01', '2016-01-01', 6, 0, 2393, 259, 205, '1', '3101/L4/SK.KP.4/2009', '2009-12-01', '2009-12-01', '2009-12-01', 0, '0', '', 1, 1),
(44, '103.79.068', '103.79.068', '0', 'MARWANTO RAHMATULLAH ST', 'BANDUNG', '1978-01-10', 'Laki-Laki', 'Islam', '40thn 0bln', '5', '2018-01-30', 'JL. SUKAJADI GG. MARJABAN NO. 130/182 A', '0', '0', '0', '0', '5', 14, '0', '2018-01-30', '2018-01-30', '2018-01-30', 6, 0, 2366, 259, 205, '1', '087/SK/YPBPI/0809', '2009-08-24', '2009-09-01', '2018-01-30', 0, '0', '', 1, 1),
(45, '102.73.044', '102.73.044', '0', 'SUPRIADY ST., MT', 'ACEH TAMIANG', '1973-05-05', 'Laki-Laki', 'Islam', '44thn 8bln', '5', '2018-01-31', 'GRAHA BUKIT RAYA III BLOK D4-33A RT 03/25 CILAME NGAMPRAH KAB BANDUNG BARAT', '0', '3217060505730028', '0', '11010972799000', '5', 14, '0', '2018-01-31', '2018-01-31', '2018-01-31', 6, 0, 2393, 259, 205, '1', '40/SK/YPBPI/0303', '2003-03-25', '2003-03-25', '2018-01-31', 0, '0', '', 1, 3),
(46, '0', '0', '0', 'IRWANSYAH HIDAYAT', 'MAJALENGKA', '1996-05-09', 'Laki-Laki', 'Islam', '21thn 8bln', '20', '2018-01-31', 'DS. DAYEUHWANGI KEC. LEMANGSIH KAB. MAJALENGKA JAWA BARAT', '70.744.958.3-438.000', '3210010905960081', '3210011711080050', '0', '20', 7, '0', '2018-01-31', '2018-01-31', '2018-01-31', 2, 0, 2355, 249, 196, '1', '0', '2018-01-31', '2018-01-31', '2018-01-31', 0, '0', '529439806-20180129-081204.jpg', 4, 0),
(47, '113.80.159', '113.80.159', '0', 'MUHAMAD NURKAMAL ST., MT', 'BANDUNG', '1980-05-02', 'Laki-Laki', 'Islam', '37thn 8bln', '5', '2018-02-01', 'JL. BABAKAN JERUK I NO. 165 BANDUNG', '0', '3273070205800004', '0', '0', '5', 14, '0', '2018-02-01', '2018-02-01', '2018-02-01', 6, 0, 2393, 259, 205, '1', '136/SK/YPBPI/1211', '2011-12-06', '2011-10-03', '2018-02-01', 0, '0', '1006118-20180130-035502.jpg', 1, 1),
(48, '103.78.065', '103.78.065', '0', 'NOVIANA RIZA ST', 'DUMAI', '1976-11-03', 'Perempuan', 'Islam', '41thn 2bln', '5', '2018-02-02', 'JL. PARAKAN ASRI C-11ARCAMANIK BANDUNG', '0', '0', '0', '0', '5', 14, '0', '2018-02-02', '2018-02-02', '2018-02-02', 6, 0, 2393, 259, 205, '1', '0', '2018-02-02', '2018-02-02', '2018-02-02', 0, '0', '', 1, 0),
(49, '117.88.233', '213.88.099', '0', 'SYAFRIAL FACHRI PANE ST., MTI', 'MEDAN', '1988-04-16', 'Laki-Laki', 'Islam', '29thn 9bln', '5', '2018-01-02', 'SARIASIH NO. 54 RT/RW 03/08 KEL. SARIJADI, KEC. SUKASARI BANDUNG JAWA BARAT', '54.756.326.2.122.000', '1271091604880002', '3273011411160011', '0001665062504', '5', 14, 'SK. 012/YPBPI/0118', '2018-01-08', '2018-01-02', '2018-03-03', 2, 0, 2370, 253, 192, '1', 'SK. 062/DIR/PPI/IV/2016', '2017-04-10', '2017-04-10', '2018-05-31', 0, '0', '1149726404-20180129-084454.jpg', 1, 1),
(50, '213.88.109', '213.88.109', '0', 'M. HARRY K. SAPUTRA ST', 'CIANJUR', '1988-03-24', 'Laki-Laki', 'Islam', '29thn 10bl', '20', '2018-02-04', 'PERUM CIANJUR', '0', '0', '0', '0', '20', 10, '0', '2018-02-04', '2018-02-04', '2018-02-04', 6, 0, 2393, 258, 205, '1', '22/YPBPI/SK/0213', '2013-02-01', '2013-02-01', '2018-02-04', 0, '0', '', 1, 1),
(51, '115.88.193', '213.88.097', '0', 'RONI ANDARSYAH ST., MT', 'PADAHERANG', '1988-05-20', 'Laki-Laki', 'Islam', '29thn 8bln', '5', '2015-10-19', 'GRAHARANCAMANYAR JL. KENANGA I NO. 14', '54.186.322.1-428.000', '3273012005880002', '3273012707103138', '0001785909677', '5', 14, '141/YPBPI/SK/0915', '2015-09-01', '2015-09-01', '2018-02-05', 2, 0, 2371, 270, 207, '1', '203/DIR/PPI/X/2016', '2016-10-26', '2016-10-26', '2018-02-05', 0, '0', '205878395-20180130-040735.jpg', 1, 1),
(52, '215.86.141', '215.86.141', '0', 'AMRI YANUAR ST., MMgt', 'BANDUNG', '1986-01-12', 'Laki-Laki', 'Islam', '32thn 0bln', '5', '2018-02-06', 'JL. KEBON SIRIH II NO. 166/5B BANDUNG', '0', '3277021201850001', '0', '0', '5', 14, '0', '2018-02-06', '2018-02-06', '2018-02-06', 2, 0, 2360, 268, 203, '1', '0', '2018-02-06', '2018-02-06', '2018-02-06', 0, '0', '', 1, 0),
(53, '215.86.148', '215.86.148', '0', 'ROLLY MAULANA AWANGGA ST., MT', 'INDRAMAYU', '1986-11-10', 'Laki-Laki', 'Islam', '31thn 2bln', '5', '2018-02-07', 'JL. LIGAR NYAWANG NO. 2 CIMENYAN BANDUNG', '0', '3212151011860004', '0', '0', '5', 14, '0', '2018-02-07', '2018-02-07', '2018-02-07', 6, 0, 2393, 259, 205, '1', '0', '2018-02-07', '2018-02-07', '2018-02-07', 0, '0', '', 1, 0),
(54, '103.78.069', '103.78.069', '0', 'RONI HABIBI ST', 'CIAMIS', '1978-12-23', 'Laki-Laki', 'Islam', '39thn 1bln', '15', '2018-02-08', 'CIWARUGA BANDUNG BARAT', '0', '0', '0', '0', '5', 14, '0', '2018-03-08', '2018-03-08', '2018-03-08', 6, 0, 2355, 249, 196, '1', '0', '2018-02-08', '2018-02-08', '2018-02-08', 0, '0', '', 1, 2),
(55, '215.81.153', '215.81.153', '0', 'I MADE YADI DHARMA ST., MT', 'MATARAM', '1981-01-13', 'Laki-Laki', 'Hindu', '37thn 0bln', '20', '2016-02-01', 'JL. CIPEDES TENGAH NO. 35 RT 01 RW 05 SUKA GALIH SUKAJADI BANDUNG JAWA BARAT', '73.746.434.7-428.000', '3273071301810004', '3273071708105294', '16043191861000', '20', 10, 'SK. 093/YPBPI/0217', '2017-02-06', '2017-02-06', '2018-02-09', 6, 0, 2393, 259, 205, '1', '191/YPBPI/SK/1215', '2015-12-01', '2015-12-01', '2018-02-09', 0, '0', '1118599427-20180129-091511.jpg', 1, 1),
(56, '215.89.158', '215.89.158', '0', 'NISA HANUM HARANI S.Kom., MT', 'BANDUNG', '1989-04-15', 'Perempuan', 'Islam', '28thn 9bln', '5', '2018-02-10', 'JL. KUDUS NO. 12 ANTAPANI BANDUNG', '0', '0', '0', '0', '5', 14, '0', '2018-02-10', '2018-02-10', '2018-02-10', 6, 0, 2393, 258, 205, '1', '164/YPBPI/SK/1015', '2015-10-12', '2015-10-12', '2018-02-10', 0, '0', '610323077-20180130-040132.jpg', 1, 1),
(57, '109.84.131', '109.84.131', '0', 'SHIYAMI MILWANDARI ST., MT', 'BANDUNG', '1984-06-21', 'Perempuan', 'Islam', '33thn 7bln', '5', '2018-02-11', 'PERUM BUMI SARIWANGI BLOK E/32 BANDUNG BARAT', '0', '0', '0', '0', '5', 14, '0', '2018-02-11', '2018-03-11', '2018-02-11', 6, 0, 2393, 262, 205, '1', '0', '2018-02-11', '2018-02-11', '2018-02-11', 0, '0', '126720161-20180202-090504.jpg', 1, 0),
(58, '101.71.016', '101.71.016', '0', 'MUHAMAD IBNU CHOLDUN RACHMATULAH ST., MT', 'SUKOHARJO', '1971-07-18', 'Laki-Laki', 'Islam', '46thn 6bln', '5', '2018-02-12', 'KOMP. BUKIT CIMINDI RAYA JL. BOROMIUS 3 NO. 18', '0', '3273081807710001', '0', '0', '5', 14, '0', '2018-02-12', '2018-02-12', '2018-02-12', 6, 0, 2393, 262, 205, '1', '0', '2018-02-12', '2018-02-12', '2018-02-12', 0, '0', '', 1, 0),
(59, '113.74.163', '113.74.163', '0', 'MUHAMAD YUSRIL HELMI S S.Kom., M.Kom', 'REMBANG', '1974-11-07', 'Laki-Laki', 'Islam', '43thn 2bln', '5', '2018-02-13', 'PERUM PESONA BANGUN INDAH PERSADA D20', '0', '0', '0', '0', '5', 14, '0', '2018-02-13', '2018-02-13', '2018-02-13', 6, 0, 2375, 258, 213, '1', 'SK. 062/DIR/PPI/IV/2016', '2017-04-10', '2017-04-10', '2018-05-31', 0, '0', '', 1, 4),
(60, '215.84.150', '215.84.150', '0', 'CAHYO PRIANTO S.Pd., MT', 'BANDUNG', '1984-07-27', 'Laki-Laki', 'Islam', '33thn 6bln', '5', '2017-01-01', 'DS. GALANGGANG 03/10 186 BATUJAJAR KAB. BANDUNG BARAT', '97.249.347.2-421.000', '3217092707840016', '3217092408090009', '0001670648984', '5', 14, '157/YPBPI/SK/1015', '2015-10-02', '2015-10-02', '2018-02-14', 6, 0, 2393, 259, 205, '1', '157/YPBPI/SK/1015', '2015-10-02', '2015-10-02', '2018-02-14', 0, '0', '740181647-20180130-094535.jpg', 1, 2),
(61, '113.78.164', '113.78.164', '0', 'RIMA SUNDARI SE., M.Ak', 'BANDUNG', '1978-01-14', 'Perempuan', 'Islam', '40thn 0bln', '5', '2018-02-15', 'JL. SURYALAYA XVII NO. 9', '0', '3273115401780003', '0', '0', '5', 14, '0', '2018-02-15', '2018-02-15', '2018-02-15', 2, 0, 2369, 269, 210, '1', '0', '2018-02-15', '2018-02-15', '2018-02-15', 0, '0', '', 1, 0),
(62, '215.89.132', '215.89.132', '0', 'JAKA MAULANA SE., Ak., CA', 'BANDUNG', '1989-06-22', 'Laki-Laki', 'Islam', '28thn 7bln', '5', '2018-02-16', 'JL. SETRAWANGI IV NO. 34 RT 04 / RW 15 BANDUNG', '0', '3273162206890001', '0', '0', '5', 14, '0', '2018-02-16', '2018-02-16', '2018-02-16', 6, 0, 2393, 261, 205, '1', '044/YPBPI/S/0315', '2015-03-02', '2015-03-02', '2018-02-16', 0, '0', '833562861-20180130-071918.png', 1, 1),
(63, '215.82.139', '215.82.139', '0', 'DIANA MARYANA SE., M.Ak', 'BANDUNG', '1982-05-18', 'Perempuan', 'Islam', '35thn 8bln', '5', '2018-02-17', 'JL. TAMAN SARI BAWAH NO. 259 RT 06 RW 13 BANDUNG', '0', '3175015805820007', '0', '0', '5', 14, '0', '2018-02-17', '2018-02-17', '2018-02-17', 6, 0, 2393, 260, 205, '1', '094/YPBPI/SK/0615', '2015-06-01', '2015-06-01', '2018-02-17', 0, '0', '', 1, 1),
(64, '215.85.133', '215.85.133', '0', 'RIANI TANJUNG SE., M.Si., Ak., CA', 'CIMAHI', '1985-04-14', 'Perempuan', 'Islam', '32thn 9bln', '5', '2018-02-18', 'JL. KEBON RUMPUT NO. 66 RT 06/12 CIMAHI', '46.842.649.9421.000', '3277025404850010', '0', '0', '5', 14, '0', '2018-02-18', '2018-02-18', '2018-02-18', 6, 0, 2393, 260, 205, '1', '0045/YPBPI/SK/0315', '2015-03-02', '2015-03-02', '2018-02-18', 0, '0', '', 1, 1),
(65, '0', '0', '0', 'MARISMIATI SE., M.Si', 'PAGAR ALAM', '1972-03-13', 'Perempuan', 'Islam', '45thn 10bl', '5', '2018-02-19', 'KOMPLEK MARGAHAYU RAYA BLOK P JL. MARS BARAT VIII NO. 9', '0', '16710553003720006', '0', '0', '20', 14, '0', '2018-02-19', '2018-02-19', '2018-02-19', 6, 0, 2393, 261, 205, '1', '038/YPBPI/SK/0416', '2016-04-11', '2016-04-11', '2018-02-19', 0, '0', '', 1, 1),
(66, '215.79.149', '215.79.149', '0', 'CHRISTINE RIANI ELISABETH SE., MM', 'BANDUNG', '1979-01-04', 'Perempuan', 'Kristen', '39thn 0bln', '5', '2015-09-15', 'JL. JATIWANGI RAYA NO. 77 ANTAPANI BANDUNG', '0', '0', '0', '0', '5', 14, '0', '2018-02-20', '2018-02-20', '2018-02-20', 6, 0, 2393, 260, 205, '1', '154/YPBPI/SK/0915', '2015-09-15', '2015-09-15', '2018-02-20', 0, '0', '', 1, 1),
(67, '117.86.220', '215.86.157', '0', 'TIA SETIANI S.Pd., MM', 'BANDUNG', '1986-10-28', 'Perempuan', 'Islam', '31thn 3bln', '5', '2017-01-09', 'GG. PAMARSET NO. 16 RT 05 RW 07 BANDUNG', '73.915.337.7-422.000', '3273286510860001', '3273100505110006', '16043191945', '5', 14, '011/YPBPI/0117', '2017-01-09', '2017-01-09', '2018-02-21', 6, 0, 2393, 260, 205, '1', '133/YPBPI/SK/0815', '2015-08-20', '2015-08-20', '2018-02-21', 0, '0', '', 1, 1),
(68, '104.79.075', '104.79.075', '0', 'BAMBANG TRIPUTRANTO SE., MM', 'BANDUNG', '1979-07-11', 'Laki-Laki', 'Islam', '38thn 6bln', '5', '2018-02-22', 'JL. KOPO PALGENEP RT 01 RW 06 NO. 8 BANDUNG', '0', '3204091107790001', '0', '0', '5', 14, '0', '2018-02-22', '2018-02-22', '2018-02-22', 6, 0, 2393, 265, 205, '1', '062/YPBPI/SK/0616', '2016-06-06', '2016-06-06', '2018-02-22', 0, '0', '', 1, 1),
(69, '213.87.087', '213.87.087', '0', 'ANGGA DWI ANGGRAENI SE', 'BANJAR', '1987-09-20', 'Perempuan', 'Islam', '30thn 4bln', '5', '2018-02-23', 'JL. PURI CIPAGERAN I BLOK C NO. 65 CIMAHI', '0', '0', '0', '0', '5', 14, '0', '2018-02-23', '2018-02-23', '2018-02-23', 6, 0, 2393, 265, 205, '1', '0', '2018-02-23', '2018-02-23', '2018-02-23', 0, '0', '', 1, 0),
(70, '101.56.007', '101.56.007', '0', 'IMAM KAMBALI SE., MM', 'SEMARANG', '1956-09-09', 'Laki-Laki', 'Islam', '61thn 4bln', '20', '2018-02-24', 'KOMP. PRASISTA 2 BLOK F NO. 91 ANTAPANI BANDUNG', '0', '0', '0', '0', '20', 14, '0', '2018-02-24', '2018-02-24', '2018-02-24', 6, 0, 2393, 267, 205, '1', '0482(m)/YPBPI/1101', '2001-11-01', '2001-11-01', '2018-02-24', 0, '0', '870131791-20180131-040139.jpg', 1, 1),
(71, '115.87.184', '115.87.184', '0', 'HESTI SUGESTI S.Pd., MM', 'PURWAKARTA', '1987-03-02', 'Perempuan', 'Islam', '30thn 10bl', '5', '2017-01-13', 'PERUM, LOTUS RESIDENCE NO. 37 RT 03 RW 09 BANDUNG BARAT', '0', '3217084203870021', '0', '0', '5', 14, 'SK. 018/YPBPI/0117', '2017-01-13', '2017-01-13', '2018-02-25', 6, 0, 2393, 265, 205, '1', 'SK. 018/YPBPI/0117', '2017-01-13', '2017-01-13', '2018-02-25', 0, '0', '', 1, 1),
(72, '113.75.108', '113.75.108', '0', 'DR. PRETY DIAWATI S.Sos., MM', 'BANDUNG', '1975-06-10', 'Perempuan', 'Islam', '42thn 7bln', '5', '2018-02-26', 'TAMAN MELATI E 2 NO. 41 CIKADUT BANDUNG', '0', '3204065006750010', '0', '0', '5', 14, '0', '2018-02-26', '2018-02-26', '2018-02-26', 6, 0, 2393, 265, 205, '1', '025/YPBPI/SK/0213', '2013-02-01', '2013-02-01', '2018-02-26', 0, '0', '', 1, 1),
(73, '215.85.162', '215.85.162', '0', 'SUCI FIKA WIDYANA SE., MM', 'BANDUNG', '1985-06-18', 'Perempuan', 'Islam', '32thn 7bln', '5', '2018-02-27', 'KOMP. GRIYA AMANDA 3 BLOK A/13', '0', '0', '0', '0', '5', 14, '0', '2018-02-27', '2018-02-27', '2018-02-27', 2, 0, 2369, 269, 210, '1', '0', '2018-02-27', '2018-02-27', '2018-02-27', 0, '0', '', 1, 1),
(74, '116.90.208', '116.90.208', '0', 'ASARETKHA ADJANE ANNISAWATI SE., MBA', 'WATAMPONE', '1990-03-24', 'Perempuan', 'Islam', '27thn 10bl', '5', '2018-02-28', 'KOMP. PRASISTA 2 BLOK F NO. 91 ANTAPANI BANDUNG', '0', '3273206403900001', '0', '0', '5', 14, '0', '2018-02-28', '2018-02-28', '2018-02-28', 6, 0, 2393, 265, 205, '1', '0', '2018-02-28', '2018-02-28', '2018-02-28', 0, '0', '', 1, 0),
(75, '116.88.211', '116.88.211', '0', 'BHEBEN OSCAR SE., MM', 'LAHAT', '1988-05-06', 'Laki-Laki', 'Islam', '29thn 8bln', '5', '2018-03-01', 'JL. ALAMANDA RAYA NO. CIMENYAN BANDUNG', '0', '1671080506880006', '0', '0', '5', 14, '0', '2018-03-01', '2018-03-01', '2018-03-01', 6, 0, 2393, 267, 205, '1', '0', '2018-03-01', '2018-03-01', '2018-03-01', 0, '0', '', 1, 1),
(76, '0', '0', '0', '0', 'BANDUNG', '1977-10-11', 'Perempuan', 'Islam', '40thn 3bln', '5', '2018-03-02', 'KOMP. TAMAN MELATI E2 NO 42-43 SUKAMISKIN BANDUNG', '0', '0', '0', '0', '5', 14, '0', '2018-03-02', '2018-03-02', '2018-03-02', 6, 0, 2393, 264, 205, '1', '0', '2018-03-02', '2018-03-02', '2018-03-02', 0, '0', '', 1, 0),
(77, '211.53.075', '211.53.075', '0', 'I WAYAN K GIRI S.Sos., M.Si', 'SINGARAJA', '2018-01-16', 'Laki-Laki', 'Hindu', '64thn 6bln', '19', '2018-03-03', 'JL. BATU RADEN III NO. 22 CIWASTRA BANDUNG', '0', '0', '0', '0', '20', 14, '0', '2018-03-03', '2018-03-03', '2018-03-03', 6, 0, 2393, 263, 205, '1', '0', '2018-03-03', '2018-03-03', '2018-03-03', 0, '0', '', 1, 1),
(78, '101.74.023', '101.74.023', '0', 'EDUARD SONDAKH S.Si., MT', 'GARUT', '1974-04-10', 'Laki-Laki', 'Islam', '43thn 9bln', '5', '2018-03-04', 'JL. KOPO SAYATI GG. SUKAGALIH 203 KAB. BANDUNG', '0', '0', '0', '0', '5', 14, '0', '2018-03-04', '2018-03-04', '2018-03-04', 6, 0, 2393, 264, 205, '1', '41/SK/YPBPI/0303', '2003-03-25', '2003-03-25', '2018-03-04', 0, '0', '', 1, 2),
(79, '116.86.204', '218.56.134', '0', 'ACHMAD ADRIYANTO ST., MT', 'BANDUNG', '1986-11-04', 'Laki-Laki', 'Islam', '31thn 2bln', '5', '2016-10-19', 'PERMATA HIJAU BLOK C NO. 15 01/16 RANCAEKEK BANDUNG', '70.140.237.2-444.000', '3204280411860004', '3204281109150019', '16031060854', '5', 14, '135/YPBPI/SK/1016', '2016-10-19', '2016-09-01', '2018-03-05', 2, 0, 2369, 269, 210, '1', '128/DIR/PPI/IX/2017', '2017-09-06', '2017-09-06', '2018-05-31', 0, '0', '265951846-20180201-090958.jpg', 1, 1),
(80, '116.78.203', '116.78.203', '0', 'DANI LEONIDAS SUMARNA ST., MT', 'BANDUNG', '1978-04-11', 'Laki-Laki', 'Islam', '39thn 9bln', '5', '2018-03-06', 'JL. DEWI SRI NO. 6 BANDUNG', '0', '3273111104780001', '0', '0', '5', 14, '0', '2018-03-06', '2018-03-06', '2018-03-06', 2, 0, 2361, 250, 193, '1', '0', '2018-03-06', '2018-03-06', '2018-03-06', 0, '0', '46209536-20180131-021958.jpg', 1, 1),
(81, '109.75.128', '109.75.128', '0', 'ERNA MULYATI ST., MT', 'BANDUNG', '1975-10-27', 'Perempuan', 'Islam', '42thn 3bln', '5', '2018-03-07', 'JL. KEBON WARU BARAT NO. 392/41 BANDUNG', '0', '0', '0', '0', '5', 14, '0', '2018-03-07', '2018-03-07', '2018-03-07', 6, 0, 2393, 264, 205, '1', '0', '2018-03-07', '2018-03-07', '2018-03-07', 0, '0', '526429227-20180131-025616.jpg', 1, 0),
(82, '216.89.174', '216.89.174', '0', 'NONENG NURJANAH SP., MT', 'CIAMIS', '1989-12-23', 'Perempuan', 'Islam', '28thn 1bln', '5', '2010-10-03', 'JL. SUBANG X NO 54 RT 05 RW 02 KEL ANTAPANI TENGAH KEC. ANTAPANI KOTA BANDUNG', '0', '3207076312890002', '3276102507170020', '0', '5', 14, '0', '2018-03-08', '2018-03-08', '2018-03-08', 2, 0, 2393, 263, 205, '1', '119/YPBPI/SK/0916', '2016-10-03', '2016-10-03', '2018-03-08', 0, '0', '959974025-20180130-045111.jpg', 1, 1),
(83, '111.60.153', '111.60.153', '0', 'SAPTONO KUSDANU WASKITO SE., MM', 'SURABAYA', '1960-06-01', 'Laki-Laki', 'Kristen Protestan', '57thn 7bln', '20', '2017-12-01', 'KOMP. BUKIT PADJAJARAN KAV. 78 RT 002 RW 013 PASIRIMPUN CIKADUT CIMENYAN KAB. BANDUNG', '49.730.466.7-421.000', '3204060106600002', '3204062904053598', '0001523537335', '20', 14, '069/YPBPI/PKS/1217', '2017-12-01', '2017-12-01', '2018-03-09', 6, 0, 2393, 264, 205, '1', '085/YPBPI/SK/0716', '2016-07-21', '2016-07-21', '2018-03-09', 0, '0', '', 1, 1),
(84, '0', '0', '0', 'ADITIA SOVIA PRAMUDITA ST., M.A.B', 'BANDUNG', '1987-02-11', 'Laki-Laki', 'Islam', '30thn 11bl', '5', '2018-03-10', 'JL. MERKURI SELATAN NO. 20 MARGAHAYU RAYA BANDUNG', '0', '3273231102870001', '0', '0', '5', 14, '0', '2018-03-10', '2018-03-10', '2018-03-10', 6, 0, 2393, 264, 205, '1', '0', '2018-03-10', '2018-03-10', '2018-03-10', 0, '0', '40754164-20180131-020301.jpg', 1, 1),
(85, '105.82.098', '105.82.098', '0', 'RD. ADRIYANI OKTORA ST., MT', 'BANDUNG', '1982-10-31', 'Perempuan', 'Islam', '35thn 3bln', '5', '2018-03-11', 'JL. AMBARA SELATAN G2 AWANI RESIDENCE BANDUNG BARAT', '47.007.471.7-421.000', '3217067110820001', '3217060602150016', '11010972542000', '5', 14, '0', '2018-03-11', '2018-03-11', '2018-03-11', 6, 0, 2393, 264, 205, '1', '0', '2018-03-11', '2018-03-11', '2018-03-11', 0, '0', '75547618-20180131-030324.jpg', 1, 1),
(86, '112.66.155', '112.66.155`', '0', 'SRI SUHARTI SE., AK., MM', 'ACEH', '1966-01-31', 'Perempuan', 'Islam', '52thn 0bln', '5', '2018-03-13', 'KOMPLEK GRIYA BUMI ASRI CIGANTRI BANDUNG', '0', '0', '0', '0', '5', 18, '0', '2018-03-13', '2018-03-13', '2018-03-13', 2, 0, 2395, 257, 200, '1', 'SK. 062/DIR/PPI/IV/2016', '2017-04-10', '2017-04-10', '2018-05-31', 0, '0', '', 1, 1),
(87, '0', '0', '0', 'RIZKY NUR HANDINI S.Pi', 'CILACAP', '1991-10-12', 'Perempuan', 'Islam', '26thn 3bln', '20', '2018-01-01', 'SARIJADI BLOK XIV NO. 138', '83.656.312.2-428.000', '3273015210910002', '3273012707105256', '0', '20', 10, '0', '2018-01-01', '2018-01-01', '2018-01-01', 2, 0, 2403, 250, 204, '1', '0', '2018-01-01', '2018-01-01', '2018-01-01', 0, '0', '', 4, 0),
(88, '103.80.060', '103.80.060', '0', 'DEWI SELVIANI YULIENTINAH SS., M.Pd', 'BANDUNG', '1980-07-08', 'Perempuan', 'Islam', '37thn 6bln', '5', '2018-01-01', 'BATUKARANG RESIDENCE NO. 31 BANDUNG', '0', '0', '0', '0', '5', 16, '0', '2018-01-01', '2018-01-01', '2018-01-01', 2, 0, 2362, 250, 204, '1', 'SK. 062/DIR/PPI/IV/2016', '2017-04-10', '2017-04-10', '2018-05-31', 0, '0', '', 1, 3),
(89, '115.87.184', '115.87.184', '0', 'KHAIRANINGRUM MULYANTI S.Pd., M.Pd', 'BANDUNG', '1987-04-30', 'Perempuan', 'Islam', '30thn 9bln', '5', '2017-01-13', 'JL. PONDOK MAS IIINO. 1 B RT 05/01 CIMAHI', '0', '3277017004870007', '0', '0', '5', 14, 'SK. 017/YPBPI/0117', '2017-01-13', '2017-01-13', '2018-01-01', 2, 0, 2363, 250, 204, '1', 'SK. 017/YPBPI/0117', '2017-01-13', '2017-01-13', '2018-01-01', 0, '0', '932030826-20180130-072935.jpg', 1, 1),
(90, '103.77.054', '103.77.054', '0', 'SARI ARMIATI ST., MT', 'BANDUNG', '1977-05-03', 'Perempuan', 'Islam', '40thn 8bln', '5', '2018-01-01', 'SARIJADI BLOK 7 NO. 135', '0', '0', '0', '0', '5', 16, '0', '2018-01-01', '2018-01-01', '2018-01-01', 2, 0, 2365, 251, 208, '1', 'SK. 062/DIR/PPI/IV/2016', '2017-04-10', '2017-04-10', '2018-05-31', 0, '0', '', 1, 1),
(91, '213.86.106', '213.86.106', '0', 'VIRDIANDRY PUTRATAMA ST., M.Kom', 'PONTIANAK', '1986-09-04', 'Laki-Laki', 'Islam', '31thn 4bln', '5', '2018-01-01', 'JL. CIJEROKASO NO. 42 BANDUNG', '707257440422000', '6717050409860005', '3273012304150004', '001856380116', '5', 14, '0', '2018-01-01', '2018-01-01', '2018-01-01', 2, 0, 2367, 251, 208, '1', '0', '2018-01-01', '2018-01-01', '2018-01-01', 0, '0', '775430964-20180130-084216.png', 1, 2),
(92, '105.76.095', '105.76.095', '0', 'MUBASSIRAN ST., MT', 'JAKARTA', '1976-10-17', 'Laki-Laki', 'Islam', '41thn 3bln', '5', '1976-10-17', 'JL. CEMPAKA VI NO. 3 PERUM BUMI RANCAEKEK KENCANA KAB. BANDUNG', '79.339.664.9.444.000', '3204281710760004', '3204281709120030', '0001140390134', '5', 15, '0', '2018-01-01', '2018-01-01', '2018-01-01', 2, 0, 2408, 252, 194, '1', 'SK. 062/DIR/PPI/IV/2016', '2017-04-10', '2017-04-10', '2018-05-31', 0, '0', '429079887-20180129-082215.jpg', 1, 3),
(93, '104.82.076', '10.86.076', '0', 'PUPUNG PUJI PRAMESTI S.Kom., MTI', 'BANDUNG', '1982-02-19', 'Perempuan', 'Islam', '35thn 11bl', '5', '2005-07-01', 'KOMP. GBA III B3 NO. 3A BOJONG SOANG', '47.013.823.1-444.000', '3204085902820001', '3204081703140001', '0001140390101', '5', 14, '0', '2018-01-01', '2018-01-01', '2018-01-01', 2, 0, 2372, 2, 199, '1', '0', '2018-01-01', '2018-01-01', '2018-01-01', 0, '0', '481154169-20180129-083318.jpg', 4, 0),
(94, '103.78.063', '103.78.063', '0', 'IRMA RAKHMAWATI SE', 'BANDUNG', '1978-11-30', 'Perempuan', 'Islam', '39thn 2bln', '5', '2003-05-01', 'JL. KOPO PALGENEPRT 01 RW 06 NO. 8 MARGAHAYU SELATAN BANDUNG', '64.356.888.4-445.000', '3204097011780003', '3204092507110001', '0001140390235', '5', 14, '0', '2018-01-01', '2018-01-01', '2018-01-01', 2, 0, 2373, 1, 201, '1', 'SK 129B/DIR/PPI/1113', '2013-11-01', '2013-11-01', '2018-01-01', 0, '0', '921780893-20180201-083712.jpg', 4, 0),
(95, '103.80.062', '103.80.062', '0', 'MADE IRMA DWIPUTRANTI SE., MT', 'KUPANG', '1980-10-04', 'Perempuan', 'Hindu', '37thn 4bln', '5', '2004-01-02', 'JL. BATU RADEN III NO. 22 RT 005 RW 007 BANDUNG', '47.007.479.0-429.000', '3273234410800003', '3273232404120007', '0', '5', 14, '0', '2018-01-01', '2018-01-01', '2018-01-01', 6, 0, 2393, 263, 205, '1', '061/SK/YPBPI/1206', '2006-12-26', '2006-12-26', '2018-01-01', 0, '0', '968722596-20180130-043047.jpg', 1, 3),
(96, '105.76.082', '105.76.082', '0', 'IWAN SETIAWAN ST', 'BANDUNG', '1976-11-01', 'Laki-Laki', 'Islam', '41thn 2bln', '5', '2018-01-01', 'BOJONG KONENG RT 004/013 DESA RANCAMANYAR KAB. BANDUNG', '0', '3204320111760003', '0', '0', '5', 14, '0', '2018-01-01', '2018-01-01', '2018-01-01', 6, 0, 2393, 259, 205, '1', '064/SK/YPBPI/1206', '2006-12-26', '2006-12-26', '2018-01-01', 0, '0', '', 1, 1),
(97, '105.79.081', '105.79.081', '0', 'WORO ISTI RAHAYU ST., MT', 'GROBOGAN', '1979-10-15', 'Perempuan', 'Islam', '38thn 3bln', '5', '2018-01-01', 'GRAHA BUKIT RAYA 3 BLOK D4 NO. 33', '0', '3217065510790014', '0', '0', '5', 14, '0', '2018-01-01', '2018-01-01', '2018-01-01', 6, 0, 2393, 258, 205, '1', '077/SK/YPBPI/0705', '2005-07-01', '2005-07-01', '2018-01-01', 0, '0', '722702164-20180130-034312.jpg', 1, 1),
(98, '109.83.133', '109.83.133', '0', 'SUPONO ST., MT', 'GARUT', '1983-08-21', 'Laki-Laki', 'Islam', '34thn 5bln', '5', '2017-12-13', 'KOMP. BUKIT CIMINDI RAYA JL. BOROMIUS III NO. 18', '0', '0', '0', '0', '5', 14, 'SK. 174/YPBPI/1217', '2017-12-13', '2017-12-13', '2018-01-01', 2, 0, 2377, 262, 213, '1', 'SK. 062/DIR/PPI/IV/2016', '2017-04-10', '2017-04-10', '2018-05-31', 0, '0', '989258744-20180130-084116.jpg', 1, 4),
(99, '101.66.022', '101.66.022', '0', 'YOHANES CASMADI SE., MM', 'SEMARANG', '1966-06-21', 'Laki-Laki', 'Kristen Katolik', '51thn 7bln', '5', '2018-01-01', 'JL. PASIRLAYUNG UTARA III/NO. 14', '72.472.468.7-423.000', '3273142106660002', '3273140809102034', '0001125216718', '5', 16, '125/YPBPI/SK/1013', '2013-10-25', '2013-10-25', '2018-01-01', 2, 0, 2378, 260, 213, '1', 'SK.062/DIR/PPI/IV/2016', '2017-04-10', '2017-04-10', '2018-05-31', 0, '0', '497335080-20180129-034415.jpg', 1, 4),
(100, '107.72.119', '107.77.119', '0', 'INDRA FIRMANSYAH SE., Ak., MM', 'GARUT', '2018-01-17', 'Laki-Laki', 'Islam', '45thn 10bl', '5', '2018-01-01', 'PERUM GRIYA BUMI PRAJA GARUT', '47.007.475.8-424.000', '0', '0', '0', '5', 16, '0', '2018-01-01', '2018-01-01', '2018-01-01', 2, 0, 2379, 261, 213, '1', 'SK. 062/DIR/PPI/IV/2016', '2017-04-10', '2017-04-10', '2018-05-31', 0, '0', '464136236-20180130-053821.jpg', 1, 4),
(101, '105.78.093', '105.78.093', '0', 'RACHMAT TRI YULIANTO SE., MM', 'INDRAMAYU', '1978-07-03', 'Laki-Laki', 'Islam', '39thn 6bln', '5', '2018-01-01', 'KOMP. LEMBAH SARIWANGI NO. 36', '0', '0', '0', '0', '5', 16, '0', '2018-01-01', '2018-01-01', '2018-01-01', 2, 0, 2382, 267, 213, '1', 'SK. 062/DIR/PPI/IV/2016`', '2017-04-10', '2017-04-10', '2018-05-31', 0, '0', '', 1, 4),
(102, '101.80.038', '101.80.038', '0', 'SENNY HANDAYANI SUARSA SE., MM', 'BANDUNG', '1980-09-20', 'Perempuan', 'Islam', '37thn 4bln', '5', '2018-01-01', 'JL. HAMID NO. 19 PAMOYANAN BANDUNG', '0', '0', '0', '0', '5', 15, '0', '2018-01-17', '2018-01-17', '2018-01-17', 2, 0, 2376, 265, 213, '1', 'SK. 062/DIR/PPI/IV/2016', '2017-04-10', '2017-04-10', '2018-05-31', 0, '0', '', 1, 4),
(103, '103.89.091', '103.89.091', '0', 'EDI SUPARDI SE., AAAIK., MM', 'BANDUNG', '1974-08-03', 'Laki-Laki', 'Islam', '43thn 5bln', '5', '2018-01-17', 'JL. BATU RADEN III NO. 22 CIWASTRA BANDUNG', '0', '3273210308740001', '0', '0', '5', 14, '0', '2018-01-17', '2018-01-17', '2018-01-17', 2, 0, 2380, 263, 213, '1', 'SK. 062/DIR/PPI/IV/2016', '2017-04-10', '2017-04-10', '2018-05-31', 0, '0', '201385568-20180130-050026.png', 1, 4),
(104, '113.80.104', '113.80.104', '0', 'DARFIAL GUSLAN ST., MT', 'BANDUNG', '1980-08-07', 'Laki-Laki', 'Islam', '37thn 5bln', '5', '2018-01-17', 'JL. CIGURUWIK NO. 219 RT 04/13 CINUNUK CILEUNYI', '0', '3204050708800005', '0', '0', '5', 14, '0', '2018-01-17', '2018-01-17', '2018-01-17', 2, 0, 2381, 264, 213, '1', 'SK. 062/DIR/PPI/IV/2016', '2017-04-10', '2017-04-10', '2018-05-31', 0, '0', '833977034-20180131-022852.jpg', 1, 4),
(105, '113.67.162', '113.67.162', '0', 'MANIAH ST., MT', 'PALEMBANG', '1967-07-21', 'Perempuan', 'Islam', '50thn 6bln', '5', '2018-01-17', 'KOMP. GRIYA CIHANJUANG NO. A10', '0', '3217026707670009', '0', '0', '5', 14, '0', '2018-01-17', '2018-01-17', '2018-01-17', 2, 0, 2364, 274, 206, '1', '0', '2018-01-17', '2018-01-17', '2018-01-17', 0, '0', '', 1, 1),
(106, '113.74.105', '113.74.105', '0', 'RUKMI JUWITA SE., MSi', 'SERANG', '1974-04-22', 'Perempuan', 'Islam', '43thn 9bln', '5', '2018-01-17', 'JL. SALUYU INDAH 7 NO. 355 RT 07/10 RIUNG BANDUNG', '0', '0', '0', '0', '5', 14, '0', '2018-01-17', '2018-01-17', '2018-01-17', 2, 0, 2364, 274, 206, '1', '0', '2018-01-17', '2018-01-17', '2018-01-17', 0, '0', '69402107-20180130-075659.jpg', 1, 2),
(107, '102.73.041', '102.73.041', '0', 'SAEPUDIN NIRWAN S.Kom., M.Kom', 'CIAMIS', '1973-11-20', 'Laki-Laki', 'Islam', '44thn 2bln', '5', '2018-01-17', 'GRIYA BUMI ASRI BOJONG SOANG KAB BANDUNG', '0', '3204082011730004', '0', '0', '5', 15, '0', '2018-01-17', '2018-01-17', '2018-01-17', 2, 0, 2364, 274, 206, '1', '191/SK/YPBPI/1215', '2003-05-01', '2003-05-01', '2018-01-17', 0, '0', '', 1, 1),
(108, '103.82.070', '103.82.070', '0', 'MUHAMAD RUSLAN MAULANI S.Kom., MT', 'CIREBON', '1982-12-27', 'Laki-Laki', 'Islam', '35thn 1bln', '5', '2018-01-17', 'PESONA CIGUGUR II, DESA CIGUGUR', '0', '0', '0', '0', '5', 14, '0', '2018-01-17', '2018-01-17', '2018-01-17', 2, 0, 2374, 259, 213, '1', 'SK. 062/DIR/PPI/IV/2016', '2017-04-10', '2017-04-10', '2018-05-31', 0, '0', '', 1, 4),
(109, '104.79.072', '104.79.072', '0', 'WIDIA RESDIANA SS., M.Pd', 'JAKARTA', '1979-07-21', 'Perempuan', 'Islam', '38thn 6bln', '5', '2004-12-20', 'JL. PASIRJAYA XI NO. 13', '0', '0', '0', '0', '5', 15, '0', '2018-01-17', '2018-01-17', '2018-01-17', 2, 0, 2368, 271, 209, '1', '0', '2018-01-17', '2018-01-17', '2018-01-17', 0, '0', '', 1, 3),
(110, '0', '0', '0', 'TAMADARA HILMAN S.Ip., MBA', 'BANDUNG', '1995-01-17', 'Laki-Laki', 'Islam', '23thn 0bln', '5', '2018-01-01', 'BANDUNG', '0', '3273124201900004', '0', '0', '5', 14, 'SK. 010/YPBPI/0118', '2018-01-08', '2018-01-02', '2018-01-17', 2, 0, 2369, 269, 210, '1', '0', '2018-01-17', '2018-01-17', '2018-01-17', 0, '0', '', 1, 1),
(111, '11388161', '11388161', '0', 'DIAN PRIMADHITA', 'MEDAN', '2018-01-18', 'Perempuan', 'Islam', '29thn 5bln', '15', '2013-01-02', 'JL. CEMARA SELATAN NO. 305/18 SUKAJADI BANDUNG', '800685893428000', '3273014908880002', '3273072005150010', '0', '15', 14, 'SK.059/YPBPI/0317', '2017-02-27', '2013-01-02', '2042-01-02', 2, 0, 2392, 244, 7, '3', '01', '2018-01-01', '2018-01-01', '2018-01-01', 0, '0', '', 4, 0),
(112, '107.77.117', '107.77.117', '0', 'DODI PERMADI ST., MT', 'GARUT', '1977-07-21', 'Laki-Laki', 'Islam', '40thn 6bln', '5', '2018-01-01', 'ANTAPANI CITY NO. 17 BANDUNG', '0', '0', '0', '0', '5', 14, '0', '2018-01-01', '2018-01-01', '2018-01-01', 2, 0, 2404, 255, 217, '1', '0', '2018-01-18', '2018-01-18', '2018-01-18', 0, '0', '', 1, 1),
(113, '101.58.004', '101.58.004', '0', 'SUPARNO SAPUTRA SE., MM', 'TANJUNGKARANG', '1958-06-23', 'Laki-Laki', 'Islam', '59thn 7bln', '5', '2018-01-01', 'JL. TERUSAN PESANTREN ARCAMANIK BANDUNG', '0', '0', '0', '0', '5', 14, '0', '2018-01-01', '2018-01-01', '2018-01-01', 2, 0, 2405, 279, 218, '1', '0', '2018-01-18', '2018-01-18', '2018-01-18', 0, '0', '', 1, 1),
(114, '101.66.010', '101.66.010', '0', 'HILMAN SETIADI S.Pd., SE., MT', 'BANDUNG', '1966-11-28', 'Laki-Laki', 'Islam', '51thn 2bln', '5', '2018-01-01', 'KOMP. PERMATA KOPO BLOK A2 20 A BANDUNG', '0', '1050252811663002', '0', '0', '5', 14, '0', '2018-01-18', '2018-01-18', '2018-01-18', 2, 0, 2406, 280, 219, '1', '0', '2018-01-18', '2018-01-18', '2018-01-18', 0, '0', '982941350-20180130-043652.jpg', 1, 1),
(115, '216.88.169', '216.88.169', '0', 'M. RIZAL SATRIA SE., M.Ak., Ak', 'CIMAHI', '1988-09-04', 'Laki-Laki', 'Islam', '29thn 4bln', '5', '2018-01-02', 'KOMPLEK PEMDA BLOK K 114 CIMAHI', '98.525.037.2-421.000', '3277020409880005', '32770227003070188', '0', '5', 14, 'SK. 011/YPBPI/0118', '2018-01-08', '2018-01-02', '2018-01-19', 6, 0, 2393, 261, 205, '1', '054/YPBPI/SK/0516', '2016-05-10', '2016-05-10', '2018-01-19', 0, '0', '993972877-20180129-081448.jpg', 1, 1),
(116, '11073139', '11073139', '0', 'ANA SUHANA', 'BANDUNG', '1973-05-08', 'Laki-Laki', 'Islam', '44thn 8bln', '15', '2010-08-01', 'RANCAHERANG RT 008/001 SARIJADI KEC. SUKASARI BANDUNG', '814788683428000', '3273010805730003', '3273012707103318', '11010972740000', '15', 6, '090/YPBPI/SK/0816', '2015-06-23', '2010-08-01', '2028-08-01', 2, 0, 2399, 239, 7, '3', '107/YPBPI/SK/0615', '2018-01-23', '2010-08-01', '2028-08-01', 0, '0', '', 4, 0),
(117, '10978127', '10978127', '0', 'NURHADI', 'BANDUNG', '1978-06-08', 'Laki-Laki', 'Islam', '39thn 7bln', '15', '2008-05-01', 'BABAKAN BARU RT 003/011 SUKAPADA CIBEUNYING KIDUL BANDUNG', '0', '1050080806785005', '1050081033277', '0', '15', 9, 'SK.062/YPBPI/0417', '2017-04-03', '2008-05-01', '2033-05-01', 2, 0, 2392, 239, 187, '3', '022/SK/YPBPI/0408', '2008-04-28', '2008-05-01', '2033-05-01', 0, '0', '', 4, 0),
(118, '0', '0', '0', 'ADE PIPIT FATMAWATI SE., M.Pd', 'CIMAHI', '1987-08-01', 'Perempuan', 'Islam', '30thn 5bln', '5', '2018-01-30', 'KOMP. PURI FAJAR BLOK A 11 NO.12', '0', '3277014108870003', '0', '0', '5', 14, '0', '2018-01-30', '2018-01-30', '2018-01-30', 6, 0, 2393, 261, 205, '1', '055/YPBPI/SK/0516', '2016-05-10', '2016-05-10', '2018-01-30', 0, '0', '', 1, 1),
(119, '216.82.172', '216.82.172', '0', 'ALI MOHAMAD REZZA ST., MM', 'BANDUNG', '1982-01-09', 'Laki-Laki', 'Islam', '36thn 0bln', '5', '2017-01-01', 'GG. PIKIRDIRO I NO. 3 RT/RW 02/06 KEL. NEGLASARI KEC. CILEUNGSING KALER', '35.132.882.8-423.000', '3273180901820001', '3273181101140001', '17009402227', '5', 14, '0', '2018-01-31', '2018-01-31', '2018-01-31', 6, 0, 2393, 263, 205, '1', '0', '2018-01-31', '2018-01-31', '2018-01-31', 0, '0', '', 1, 0),
(120, '1', '1', '0', 'HETI', 'BANDUNG', '1991-02-02', 'Perempuan', 'Islam', '27thn 0bln', '21', '2018-02-21', 'SARIJADI', '1', '1', '1', '1', '3', 14, '1', '2018-02-19', '2018-02-12', '2018-02-12', 6, 0, 2403, 277, 199, '2', '1', '2018-02-19', '2018-02-19', '2018-02-19', 0, '0', '39172144-20180202-033452.jpg', 4, 0);

-- --------------------------------------------------------

--
-- Table structure for table `tbl_data_pelatihan`
--

CREATE TABLE IF NOT EXISTS `tbl_data_pelatihan` (
  `id_pelatihan` int(50) NOT NULL AUTO_INCREMENT,
  `id_pegawai` int(50) NOT NULL,
  `id_master_pelatihan` int(50) NOT NULL,
  `uraian` text NOT NULL,
  `lokasi` varchar(100) NOT NULL,
  `tanggal_sertifikat` date NOT NULL,
  `jam_pelatihan` varchar(50) NOT NULL,
  `negara` varchar(100) NOT NULL,
  `foto` varchar(150) NOT NULL,
  PRIMARY KEY (`id_pelatihan`)
) ENGINE=MyISAM  DEFAULT CHARSET=latin1 AUTO_INCREMENT=3 ;

--
-- Dumping data for table `tbl_data_pelatihan`
--

INSERT INTO `tbl_data_pelatihan` (`id_pelatihan`, `id_pegawai`, `id_master_pelatihan`, `uraian`, `lokasi`, `tanggal_sertifikat`, `jam_pelatihan`, `negara`, `foto`) VALUES
(1, 1, 1, 'Pelatihan', 'Bandung', '2018-01-31', '00', '', ''),
(2, 2, 1, 'Pelatihan', 'Bandung', '2018-01-31', '00', '', '');

-- --------------------------------------------------------

--
-- Table structure for table `tbl_data_pendidikan`
--

CREATE TABLE IF NOT EXISTS `tbl_data_pendidikan` (
  `id_pendidikan` int(50) NOT NULL AUTO_INCREMENT,
  `id_pegawai` int(50) NOT NULL,
  `tingkat_pendidikan` varchar(50) NOT NULL,
  `jurusan` varchar(50) NOT NULL,
  `uraian` text NOT NULL,
  `teknik_non_teknik` varchar(50) NOT NULL,
  `sekolah` varchar(100) NOT NULL,
  `tempat_sekolah` text NOT NULL,
  `nomor_sttb` varchar(100) NOT NULL,
  `tanggal_sttb` date NOT NULL,
  `tanggal_lulus` date NOT NULL,
  `foto` varchar(250) NOT NULL,
  PRIMARY KEY (`id_pendidikan`)
) ENGINE=MyISAM  DEFAULT CHARSET=latin1 AUTO_INCREMENT=152 ;

--
-- Dumping data for table `tbl_data_pendidikan`
--

INSERT INTO `tbl_data_pendidikan` (`id_pendidikan`, `id_pegawai`, `tingkat_pendidikan`, `jurusan`, `uraian`, `teknik_non_teknik`, `sekolah`, `tempat_sekolah`, `nomor_sttb`, `tanggal_sttb`, `tanggal_lulus`, `foto`) VALUES
(1, 3, 'MAGISTER MANAJEMEN S2', 'MANAJEMEN BISNIS', 'S2 UPI', 'non teknik', 'UPI', 'UPI', '17007819', '2018-01-01', '2013-10-16', ''),
(2, 4, 'DIPLOMA III', 'AKUNTANSI MICRO FINANCE', 'A', 'non teknik', 'POLITEKNIK POS INDONESIA', 'POLITEKNIK POS INDONESIA', 'AM-03/025/PPI13', '2013-08-02', '2013-08-02', ''),
(3, 46, 'SMK', 'TEKNIK KOMPUTER DAN INFORMATIKA', 'REKAYASA PERANGKAT LUNAK', 'teknik', 'SMK', 'SMK NEGERI 1 LEMAHSUGIH', 'DN-02 Mk 0190420', '2014-05-20', '2014-05-20', '1076789382-20180129-081239.jpg'),
(4, 21, 'D3', 'AKUNTANSI', 'AKUNTANSI', 'non teknik', 'POLITEKNIK POS INDONESIA', 'POLITEKNIK POS INDONESIA', '003251', '2012-09-06', '2012-09-06', '692216713-20180129-083810.jpg'),
(5, 87, 'S1', 'PERIKANAN', 'FAKULTAS ILMU PERIKANAN DAN ILMU KELAUTAN', 'non teknik', 'UNIVERSITAS PADJAJARAN', 'UNIVERSITAS PADJAJARAN', 'UN6.0096191/O10.001236', '2017-12-17', '2017-12-17', ''),
(6, 111, 'SARJANA HUKUM S1', 'HUKUM', 'A', 'non teknik', 'STHB', 'BANDUNG', '0102667/2010', '2010-08-09', '2010-08-09', ''),
(7, 49, 'S1', 'TEKNIK INFORMATIKA', 'SARJANA TEKNIK INFORMATIKA', 'teknik', 'UNIVERSITAS PASUNDAN', 'UNVERSITAS PASUNDAN', '13/03/0055', '2013-03-14', '2012-03-22', '674258921-20180129-084512.jpg'),
(8, 49, 'S2', 'TEKNIK INFORMATIKA.', 'MAGISTER TEKNIK INFORMATIKA (M.TI)', 'teknik', 'UNIVERSITAS BINA NUSANTARA', 'UNIVERSITAS BINA NUSANTARA', 'IFS2/2017/BNS20016', '2017-06-21', '2017-06-21', '847885530-20180129-084527.jpg'),
(9, 23, 'SMK', 'REKAYASA PERANGKAT LUNAK', 'SMK', 'teknik', 'SMK', 'SUBANG', 'MK0193679', '2013-05-24', '2013-05-24', '113365073-20180129-084142.jpg'),
(10, 99, 'S1', 'MANAJEMEN', 'SARJANA EKONOMI', 'non teknik', 'UNIVERSITAS TERBUKA', 'UNIVERSITAS TERBUKA', 'B. 000163/494201035', '1994-09-30', '1994-09-30', ''),
(11, 99, 'S2', 'MAGISTER MANAJEMEN', 'MM', 'non teknik', 'UNIVERSITAS ARS INTERNATIONAL', 'UNIVERSITAS ARS INTERNASIONAL', '213/D/O/2000', '2007-08-13', '2007-08-13', ''),
(12, 40, 'D3', 'TEKNIK INFORMATIKA', 'TEKNIK INFORMATIKA', 'teknik', 'POLITEKNIK POS INDONESIA', 'POLITEKNIK POS INDONESIA', 'AM-01/076/PPI15', '2012-10-05', '2012-10-05', '825635926-20180129-083211.jpg'),
(13, 115, 'S2', 'EKONOMI', 'MAGISTER AKUNTANSI', 'non teknik', 'UNIVERSITAS WIDYATAMA', 'UNIVERSITAS WIDYATAMA', '16/MA/2015', '2015-06-26', '2015-06-26', '565154385-20180129-081548.jpg'),
(14, 38, 'SMK', 'TEKNIK MEKANIK OTOMOTIF', 'TEKNIK MESIN', 'teknik', 'SMK MEDINA BANDUNG', 'SMK MEDINA BANDUNG', 'DN-02 Mk 0133439', '2006-06-19', '2006-06-19', '1003641358-20180129-075614.jpg'),
(15, 6, 'SARJANA TEKNIK', 'METALURGI', 'UNIVERSITAS JENDRAL AHMAD YANI', 'teknik', 'UNJANI', 'UNJANI', '1396/UNJANI/S1/X/1998', '1998-10-14', '1998-10-14', ''),
(16, 39, 'S1', 'ILMU PERPUSTAKAAN', 'ILMU KOMUNIKASI', 'non teknik', 'UNIVERSITAS PADJAJARAN', 'UNIVERSITAS PADJAJARAN', 'UN6.0088047/K10.007355', '2013-07-12', '2013-07-12', '468612730-20180129-084906.jpg'),
(17, 9, 'SMU', 'IPS', 'A', 'non teknik', 'SMU PURAGABAYA', 'SMU PURAGABAYA', '02/Mu/0099615', '2002-06-17', '2002-06-17', ''),
(18, 92, 'S2', 'INFORMATIKA', 'MAGISTER TEKNIK', 'teknik', 'INSTITUT TEKNOLOGI BANDUNG', 'INSTITUT TEKNOLOGI BANDUNG', '235014/K01/PP.3.6.2/09/I/2005', '2005-09-24', '2005-09-01', '1623350-20180129-082235.jpg'),
(19, 12, 'SMU', 'IPS', 'A', 'non teknik', 'WARGA BAKTI', 'WARGA BAKTI CIMAHI', '02/Mu/103 0104969', '1999-05-31', '1999-05-31', ''),
(20, 51, 'S2', 'SISTEM INFORMASI', 'SISTEM INFORMASI BISNIS', 'teknik', 'SEKOLAH TINGGI MANAJEMEN INFORMATIKA & KOMPUTER', 'SEKOLAH TINGGI MANAJEMEN INFORMATIKA & KOMPUTER', '047/MS/STK/VIII/2015', '2015-08-03', '2015-05-13', '663174073-20180130-040857.jpg'),
(21, 11, 'SMU', 'IPS', 'A', 'non teknik', 'SMU CILAKU CIANJUR', 'CIANJUR', 'DM02Mu 0082408', '2002-06-22', '2002-06-22', ''),
(22, 16, 'S1', 'TEKNIK INFORMATIKA', 'TEKNIK INFORMATIKA', 'teknik', 'SEKOLAH TINGGI DAN TEKNOLOGI INDONESIA', 'SEKOLAH TINGGI DAN TEKNOLOGI INDONESIA', '043-038C.01041', '2016-11-05', '2016-08-27', '599521791-20180129-082953.jpg'),
(23, 116, 'SLTP', 'IPS', 'A', 'non teknik', 'SMP PERKAPPEN', 'CIKALONG WETAN', '02OBob 1926789', '1989-06-08', '1989-06-08', ''),
(24, 20, 'SMK', 'REKAYASA PERANGKAT LUNAK', 'TEKNIK KOMPUTER DAN INFORMATIKA', 'teknik', 'SMKN 1 LEMAHSUGIH', 'SMKN 1 LEMAHSUGIH', 'DN-02 Mk 0190405', '2014-05-20', '2014-05-20', '879422850-20180129-080527.jpg'),
(25, 17, 'D3', 'MANAJEMEN PEMASARAN', 'MANAJEMEN PEMASARAN', 'non teknik', 'POLITEKNIK POS INDONESIA', 'POLITEKNIK POS INDONESIA', '003400', '2012-09-06', '2012-09-06', '388681331-20180129-084704.jpg'),
(26, 63, 'S1', 'AKUNTANSI', 'EKONOMI', 'non teknik', 'UNIVERSITAS SANGGA BUANA', 'UNIVERSITAS SANGGA BUANA', 'SA. 2006 232301091', '2006-11-21', '2006-11-21', ''),
(27, 63, 'S2', 'AKUNTANSI', 'AKUNTANSI', 'non teknik', 'UNIVERSITAS TRISAKTI', 'UNIVERSITAS TRISAKTI', '0053/MAKSI/S2/X/2013', '2013-10-14', '2013-10-05', ''),
(28, 64, 'S1', 'AKUNTANSI', 'EKONOMI', 'non teknik', 'UNIVERSITAS ISLAM BANDUNG', 'UNIVERSITAS ISLAM BANDUNG', 'U/17161/91.4505', '2006-07-04', '2006-06-28', ''),
(29, 64, 'S2', 'AKUNTANSI', 'MAGISTER ILMU EKONOMI', 'non teknik', 'UNIVERSITAS PADJAJARAN', 'UNIVERSITAS PADJAJARAN', 'UN6.0018400/B20', '2012-01-10', '2012-01-10', ''),
(30, 64, 'PROFESI AKUNTAN', 'AKUNTANSI', 'PROFESI AKUNTAN', 'non teknik', 'UNIVERSITAS ISLAM BANDUNG', 'UNIVERSITAS ISLAM BANDUNG', 'PPA/U/0120', '2013-09-07', '2013-07-22', ''),
(31, 64, 'CHARTERED ACCOUNTANT', 'AKUNTANSI', 'CA', 'non teknik', 'KEMENTRIAN KEUANGAN REPUBLIK INDONESIA SEKRETARIAT JENDERAL PUSAT PEMBINAAN AKUNTAN DAN JASA PENILAI', 'KEMENTRIAN KEUANGAN REPUBLIK INDONESIA SEKRETARIAT JENDERAL PUSAT PEMBINAAN AKUNTAN DAN JASA PENILAI', 'AP.9.986', '2013-10-30', '2013-10-30', ''),
(32, 67, 'S1', 'PENDIDIKAN EKONOMI, BIDANG KEAHLIAN KHUSUS PENDIDI', 'PERGURUAN DAN ILMU PENDIDIKAN', 'non teknik', 'UNIVERSITAS LANGLANGBUANA', 'UNIVERSITAS LANGLANGBUANA', '150840200865', '2008-11-29', '2008-11-29', ''),
(33, 67, 'S2', 'MAGISTER MANAJEMEN BISNIS', 'MAGISTER MANAJEMEN', 'non teknik', 'UNIVERSITAS PENDIDIKAN INDONESIA', 'UNIVERSITAS PENDIDIKAN INDONESIA', '17007074', '2013-01-31', '2013-01-31', ''),
(34, 43, 'S1', 'MATEMATIKA SUB PROGRAM ILMU KOMPUTER', 'MATEMATIKA SUB PROGRAM ILMU KOMPUTER', 'non teknik', 'UNIVERSITAS PADJAJARAN', 'UNIVERSITAS PADJAJARAN', '0', '2000-11-11', '2000-11-11', ''),
(35, 43, 'S2', 'INFORMATIKA', 'MAGISTER TEKNIK', 'teknik', 'INSTITUT TEKNOLOGI BANDUNG', 'INSTITUT TEKNOLOGI BANDUNG', '235009/K01/PP/X/IJZ/2/2010', '2010-10-23', '2010-10-23', ''),
(36, 108, 'S1', 'TEKNIK INFORMATIKA', 'ILMU KOMPUTER', 'teknik', 'UNIVERSITAS NASIONAL PASIM', 'UNIVERSITAS NASIONAL PASIM', '020308011/UNASPASIM/IX/2009', '2009-10-29', '2009-09-15', ''),
(37, 108, 'S2', 'MAGISTER TEKNIK', 'INFORMATIKA', 'teknik', 'INSTITUT TEKNOLOGI BANDUNG', 'INSTITUT TEKNOLOGI BANDUNG', '235023/I1.A/PP/VII/IJZ/2/2014', '2014-07-11', '2014-06-26', ''),
(39, 117, 'SMK', 'LISTRIK', 'LISTRIK INSTALASI', 'teknik', 'SMK PRAKARYA INTERNASIONAL', 'ASTANA ANYAR  BANDUNG', 'NO 02OB og 222009639', '1997-06-05', '1997-06-05', ''),
(40, 60, 'S2', 'TEKNIK ELEKTRO', 'MAGISTER TEKNIK', 'teknik', 'INSTITUT TEKNOLOGI BANDUNG', 'INSTITUT TEKNOLOGI BANDUNG', '232011/K01/PP/VII/IJZ/2/2010', '2010-07-17', '2010-06-28', '425487797-20180129-081826.jpg'),
(41, 18, 'S1', 'TEKNIK INFORMATIKA', 'SARJANA TEKNIK', 'teknik', 'SEKOLAH TINGGI SAINS DAN TEKNOLOGI INDONESIA', 'SEKOLAH TINGGI SAINS DAN TEKNOLOGI INDONESIA', '043-038C.00888', '2013-02-11', '2013-01-31', '1177223005-20180129-082016.jpg'),
(42, 83, 'S1', 'MANAJEMEN', 'MANAJEMEN', 'non teknik', 'DEPARTEMEN PENDIDIKAN DAN KEBUDAYAAN UNIVERSITAS TERBUKA', 'DEPARTEMEN PENDIDIKAN DAN KEBUDAYAAN UNIVERSITAS TERBUKA', '00716/I/00052', '1992-04-27', '1992-04-27', '985941313-20180129-084310.jpg'),
(43, 83, 'S2', 'MAGISTER MANAJEMEN', 'MAGISTER MANAJEMEN', 'non teknik', 'UNIVERSITAS SANGGA BUANA', 'UNIVERSITAS SANGGA BUANA', '-', '2015-09-21', '2015-09-14', '337788343-20180131-031201.jpg'),
(44, 25, 'S1', 'TEKNIK INFORMATIKA', 'SARJANA TEKNIK', 'teknik', 'SEKOLAH TINGGI SAINS DAN TEKNOLOGI INDONESIA', 'SEKOLAH TINGGI SAINS DAN TEKNOLOGI INDONESIA', '043-038.00834', '2012-09-21', '2012-08-10', '808307502-20180129-082807.jpg'),
(45, 26, 'SMA', 'IPS', 'IKIP', 'non teknik', 'SWASTA KORPRI UNIT IKIP', 'SWASTA KORPRI UNIT IKIP', '02 OC oh 0349408', '1989-05-13', '1989-05-13', '692044983-20180129-080808.jpg'),
(46, 19, 'D3', 'AKUNTANSI', 'AKUNTANSI', 'non teknik', 'POLITEKNIK POS INDONESIA', 'POLITEKNIK POS INDONESIA', '000434', '2007-10-05', '2007-10-05', '229366737-20180129-083604.jpg'),
(47, 93, 'S2', 'TEKNIK INFORMATIKA', 'TEKNIK INFORMATIKA', 'teknik', 'UNIVERSITAS BINA NUSANTARA', 'UNIVERSITAS BINA NUSANTARA', '2123/REK/XII/2017', '2017-12-21', '2017-12-21', '197312647-20180129-083347.jpg'),
(48, 13, 'D3', 'MATEMATIKA DAN ILMU PENGETAHUAN ALAM', 'ILMU PENDIDIKAN', 'non teknik', 'UNIVERSITAS PADJAJARAN', 'UNIVERSITAS PADJAJARAN', 'PT06.2803/D03.502', '1991-08-10', '1991-08-10', '517831287-20180129-080349.jpg'),
(49, 109, 'S1', 'SASTRA INGGRIS', 'SARJANA SASTRA', 'non teknik', 'UNIVERSITAS PADJAJARAN', 'UNIVERSITAS PADJAJARAN', '-', '2003-02-03', '2003-02-03', ''),
(50, 55, 'S1', 'TEKNIK INFORMATIKA', 'ILMU KOMPUTER', 'teknik', 'UNIVERSITAS NASIONAL PASIM', 'UNIVERSITAS NASIONAL PASIM', '020310038/UNASPASIM/X/2010', '2010-11-08', '2010-10-26', '833106876-20180129-091746.png'),
(51, 55, 'S2', 'SISTEM INFORMASI BISNIS', 'SISTEM INFORMASI', 'non teknik', 'SEKOLAH TINGGI MANAJEMEN INFORMATIKA & KOMPUTER', 'SEKOLAH TINGGI MANAJEMEN INFORMATIKA & KOMPUTER', '046/MS/STK/VIII/2015', '2015-08-03', '2015-05-12', '821007962-20180129-092041.png'),
(52, 96, 'S1', 'TEKNIK INFORMATIKA', 'TEKNIK INFORMATIKA', 'teknik', 'SEKOLAH TINGGI MANAJEMEN INFORMATIKA & KOMPUTER', 'SEKOLAH TINGGI MANAJEMEN INFORMATIKA & KOMPUTER', '-', '2003-07-28', '2003-07-28', ''),
(53, 44, 'S1', 'TEKNIK ELEKTRO', 'TEKNIK ELEKTRO', 'teknik', 'SEKOLAH TINGGI SAINS DAN TEKNOLOGI INDONESIA', 'SEKOLAH TINGGI SAINS DAN TEKNOLOGI INDONESIA', '043-038C.00356', '2006-12-14', '2006-10-14', 'Marwanto R S1.pdf'),
(54, 44, 'S2', 'INFORMATIKA', 'TEKNIK INFORMATIKA', 'teknik', 'INSTITUT TEKNOLOGI BANDUNG', 'INSTITUT TEKNOLOGI BANDUNG', '235027/I1.A/PP/X/IJZ/2015', '2015-10-16', '2015-09-28', '796493755-20180130-022321.jpg'),
(55, 45, 'S1', 'TEKNIK INFORMATIKA', 'TEKNIK INFORMATIKA', 'teknik', 'SEKOLAH TINGGI SAINS DAN TEKNOLOGI INDONESIA', 'SEKOLAH TINGGI SAINS DAN TEKNOLOGI INDONESIA', '0112/2000/AK/11', '2000-12-20', '2000-12-12', ''),
(56, 45, 'S2', 'INFORMATIKA', 'INFORMATIKA', 'teknik', 'INSTITUT TEKNOLOGI BANDUNG', 'INSTITUT TEKNOLOGI BANDUNG', '235008/K01/PP/X/IJZ/2/2010', '2010-10-23', '2010-10-04', ''),
(57, 32, 'S1', 'EKONOMI DAN BISNIS', 'MANAJEMEN', 'non teknik', 'UNIVERSITAS PASUNDAN', 'UNIVERSITAS PASUNDAN', '17/04/0019', '2017-02-08', '2016-12-31', '530364562-20180201-100433.jpg'),
(58, 53, 'S1', 'TEKNIK INFORMATIKA', 'INFORMATIKA', 'teknik', 'INSTITUT TEKNOLOGI TELKOM', 'INSTITUT TEKNOLOGI TELKOM', 'ITT-929/AKD31/1630/1320/10', '2010-09-15', '2010-06-14', '1153862722-20180130-032235.jpg'),
(59, 53, 'S2', 'TEKNIK INFORMATIKA', 'MAGISTER TEKNIK INFORMATIKA', 'teknik', 'INSTITUT TEKNOLOGI TELKOM', 'INSTITUT TEKNOLOGI TELKOM', 'ITT-125/AKD15/BAA.10/FPS0.013', '2013-03-15', '2013-02-21', '509404557-20180130-032848.jpg'),
(60, 97, 'S1', 'TEKNIK INFORMATIKA', 'TEKNIK INFORMATIKA', 'teknik', 'UNIVERSITAS WIDYATAMA', 'UNIVERSITAS WIDYATAMA', '10/Tf/2002', '2002-11-08', '2002-11-08', ''),
(61, 97, 'S2', 'TEKNIK ELEKTRO', 'TEKNIK ELEKTRO', 'teknik', 'INSTITUT TEKNOLOGI BANDUNG', 'INSTITUT TEKNOLOGI BANDUNG', '232030/K01/PP/VII/IJZ/2/2009', '2009-07-18', '2009-06-29', ''),
(62, 47, 'S2', 'TEKNIK INFORMATIKA', 'TEKNIK INFORMATIKA', 'teknik', 'INSTITUT TEKNOLOGI BANDUNG', 'INSTITUT TEKNOLOGI BANDUNG', '235011/TI.A/PP/VII/IJZ/2/2011', '2011-07-15', '2011-06-27', '1021812578-20180130-035711.jpg'),
(63, 56, 'S1', 'TEKNOLOGI INFORMASI', 'SISTEM INFORMASI', 'teknik', 'UNIVERSITAS KRISTEN MARANATHA', 'UNIVERSITAS KRISTEN MARANATHA', '19271 B 0090', '2011-09-30', '2011-08-05', '422652804-20180130-040405.jpg'),
(64, 56, 'S2', 'INFORMATIKA', 'MAGISTER TEKNIK', 'teknik', 'INSTITUT TEKNOLOGI BANDUNG', 'INSTITUT TEKNOLOGI BANDUNG', '235015/I1.A/PP/VII/IJZ/2/2014', '2014-07-11', '2014-06-26', '280449815-20180130-040622.jpg'),
(65, 51, 'S1', 'TEKNIK INFORMATIKA', 'TEKNIK INFORMATIKA', 'teknik', 'SEKOLAH TINGGI SAINS DAN TEKNOLOGI INDONESIA', 'SEKOLAH TINGGI SAINS DAN TEKNOLOGI INDONESIA', '043-038C.00841', '2012-10-10', '2012-10-02', '48730013-20180130-041033.jpg'),
(66, 79, 'S1', 'TEKNIK INDUSTRI', 'TEKNIK INDUSTRI', 'teknik', 'INSTITUT TEKNOLOGI TELKOM', 'INSTITUT TEKNOLOGI TELKOM', 'ITT', '2009-03-28', '2009-03-10', '607348963-20180130-042123.jpg'),
(67, 79, 'S2', 'TEKNIK DAN MANAJEMEN INDUSTRI', 'TEKNIK DAN MANAJEMEN INDUSTRI', 'teknik', 'INSTITUT TEKNOLOGI BANDUNG', 'INSTITUT TEKNOLOGI BANDUNG', '234026/I1.A/PP/X/IJZ/2/2013', '2013-10-18', '2013-10-01', '626192024-20180130-042321.jpg'),
(68, 95, 'S1', 'EKONOMI DAN STUDI PEMBANGUNAN', 'EKONOMI DAN STUDI PEMBANGUNAN', 'non teknik', 'UNIVERSITAS PADJAJARAN', 'UNIVERSITAS PADJAJARAN', 'J06.7678/B2.2136.', '2005-03-31', '1970-01-01', '99768010-20180201-082600.jpg'),
(69, 95, 'S2', 'TEKNIK DAN MANAJEMEN INDUSTRI', 'TEKNIK DAN MANAJEMEN INDUSTRI', 'teknik', 'INSTITUT TEKNOLOGI BANDUNG', 'INSTITUT TEKNOLOGI BANDUNG', '234006/I1.A/P/IV/IJZ/2/2011', '2011-04-09', '2010-12-20', '1005882311-20180201-082629.jpg'),
(70, 114, 'S1', 'PENDIDIKAN BAHASA DAN SENI', 'KEGURUAN DAN ILMU PENDIDIKAN', 'non teknik', 'UNIVERSITAS ISLAM NUSANTARA', 'UNIVERSITAS ISLAM NUSANTARA', 'C-9322018', '1993-10-13', '1993-10-13', '710955566-20180201-095214.jpg'),
(71, 114, 'S1', 'MANAJEMEN', 'EKONOMI', 'non teknik', 'UNIVERSITAS BANDUNG RAYA', 'UNIVERSITAS BANDUNG RAYA', '00066/E.0066', '1999-07-31', '1999-07-31', '932155347-20180201-095229.jpg'),
(72, 114, 'S2', 'TEKNIK DAN MANAJEMEN INDUSTRI', 'MAGISTER TEKNIK', 'teknik', 'INSTITUT TEKNOLOGI BANDUNG', 'INSTITUT TEKNOLOGI BANDUNG', '234013/K01/PP/X/IJZ/2/2008', '2008-10-25', '2008-10-09', '267546001-20180201-095243.jpg'),
(73, 82, 'S1', 'PERTANIAN', 'PERTANIAN', 'non teknik', 'UNIVERSITAS PADJAJARAN', 'UNIVERSITAS PADJAJARAN', 'UN6.0082626E10.007383', '2012-07-16', '2012-07-16', '407906461-20180130-045317.jpg'),
(74, 82, 'S2', 'TEKNIK DAN MANAJEMEN INDUSTRI', 'TEKNIK DAN MANAJEMEN INDUSTRI', 'teknik', 'INSTITUT TEKNOLOGI BANDUNG', 'INSTITUT TEKNOLOGI BANDUNG', '234015/I1.A/PP/VII/IJZ/2/2016', '2016-07-29', '2016-05-25', '959128073-20180130-045521.jpg'),
(75, 103, 'S1', 'EKONOMI', 'AKUNTANSI', 'non teknik', 'UNIVERSITAS MERCU BUANA', 'UNIVERSITAS MERCU BUANA', '0401.032-S.1/IX2007', '2007-12-28', '2007-09-14', '869196723-20180201-094246.jpg'),
(76, 78, 'S1', 'MATEMATIKA', 'MATEMATIKA', 'non teknik', 'UNIVERSITAS PADJAJARAN', 'UNIVERSITAS PADJAJARAN', '-', '1996-08-15', '1996-08-15', '786442188-20180201-094346.jpg'),
(77, 78, 'S2', 'TEKNIK DAN MANAJEMEN INDUSTRI', 'TEKNIK DAN MANAJEMEN INDUSTRI', 'teknik', 'INSTITUT TEKNOLOGI BANDUNG', 'INSTITUT TEKNOLOGI BANDUNG', '-', '2002-07-13', '2002-06-20', '978449487-20180201-094353.jpg'),
(78, 118, 'S1', 'AKUNTANSI', 'EKONOMI', 'non teknik', 'UNIVERSITAS JENDERAL ACHMAD YANI', 'UNIVERSITAS JENDERAL ACHMAD YANI', '13853/UNJANI/II/08.09', '2009-09-28', '2009-06-10', '1162928477-20180201-091631.jpg'),
(79, 118, 'S2', 'PENDIDIKAN EKONOMI', 'MAGISTER PENDIDIKAN', 'non teknik', 'UNIVERSITAS PENDIDIKAN INDONESIA', 'UNIVERSITAS PENDIDIKAN INDONESIA', '07078779', '2014-08-29', '2014-08-29', '1003782663-20180130-052204.jpg'),
(80, 88, 'S1', 'SASTRA INGGRIS', 'SASTRA INGGRIS', 'non teknik', 'UNIVERSITAS PADJAJARAN', 'UNIVERSITAS PADJAJARAN', 'J06.45119/H.4880', '2002-06-27', '2002-06-27', '1034353005-20180201-093952.jpg'),
(81, 88, 'S2', 'PENDIDIKAN BAHASA INGGRIS', 'MAGISTER PENDIDIKAN', 'non teknik', 'UNIVERSITAS PENDIDIKAN INDONESIA', 'UNIVERSITAS PENDIDIKAN INDONESIA', '07074706', '2014-01-17', '2014-01-17', '117298698-20180130-052853.jpg'),
(82, 100, 'S1', 'AKUNTANSI', 'SARJANA EKONOMI DAN AKUNTAN', 'non teknik', 'UNIVERSITAS PADJAJARAN', 'UNIVERSITAS PADJAJARAN', 'J06.4210/B2.1227', '2002-08-19', '2002-08-19', '105731025-20180201-100239.jpg'),
(83, 100, 'S2', 'MAGISTER MANAJEMEN KONSENTRASI MANAJEMEN KEUANGAN', 'MAGISTER MANAJEMEN', 'non teknik', 'UNIVERSITAS PADJAJARAN', 'UNIVERSITAS PADJAJARAN', 'J06.10580/L2.7055', '2005-05-13', '2005-05-13', '38656144-20180201-100250.jpg'),
(84, 62, 'S1', 'AKUNTANSI', 'AKUNTANSI', 'non teknik', 'SEKOLAH TINGGI ILMU EKONOMI STEMBI', 'SEKOLAH TINGGI ILMU EKONOMI STEMBI', '0375/4326-34/03-S1/111/2010', '2010-04-22', '2010-02-18', '1053108626-20180130-072407.jpg'),
(85, 62, 'S2', 'AKUNTANSI', 'MAGISTER AKUNTANSI', 'non teknik', 'UNIVERSITAS PADJAJARAN', 'UNIVERSITAS PADJAJARAN', 'UN6.0024317/B20.004663', '2015-08-07', '2015-08-07', '445987273-20180130-072610.jpg'),
(86, 89, 'S1', 'PENDIDIKAN AKUNTANSI', 'PENDIDIKAN AKUNTANSI', 'non teknik', 'UNIVERSITAS PENDIDIKAN INDONESIA', 'UNIVERSITAS PENDIDIKAN INDONESIA', '06043265', '2009-11-02', '2009-11-02', '745530925-20180130-073139.jpg'),
(87, 89, 'S2', 'PENDIDIKAN EKONOMI', 'PENDIDIKAN EKONOMI', 'non teknik', 'UNIVERSITAS PENDIDIKAN INDONESIA', 'UNIVERSITAS PENDIDIKAN INDONESIA', '07080287', '2014-10-31', '2014-10-31', '64747696-20180130-073311.jpg'),
(88, 65, 'S1', 'AKUNTANSI', 'EKONOMI', 'non teknik', 'UNIVERSITAS IBA', 'UNIVERSITAS IBA', '9921112', '1999-03-30', '1999-03-30', ''),
(89, 65, 'S2', 'MA.', 'MAGISTER SAINS', 'non teknik', 'UNIVERSITAS MUHAMMADIYAH PALEMBANG', 'UNIVERSITAS MUHAMMADIYAH PALEMBANG', '09.922.002.2013', '2013-01-17', '2013-01-04', ''),
(90, 115, 'S1', 'AKUNTANSI', 'EKONOMI', 'non teknik', 'UNIVERSITAS KRISTEN MARANATHA', 'UNIVERSITAS KRISTEN MARANATHA', '21166 C 3555', '2012-09-18', '2012-08-27', ''),
(91, 61, 'S1', 'AKUNTANSI', 'AKUNTANSI', 'non teknik', 'SEKOLAH TINGGI ILMU EKONOMI BANDUNG', 'SEKOLAH TINGGI ILMU EKONOMI BANDUNG', '3353/SL/2001', '2001-08-01', '2001-08-01', ''),
(92, 61, 'S2', 'MAGISTER AKUNTANSI', 'AUDITING DAN PELAPORAN KEUANGAN', 'non teknik', 'UNIVERSITAS PADJAJARAN', 'UNIVERSITAS PADJAJARAN', 'HG.14434/L2.10428', '2008-11-25', '2008-03-03', ''),
(93, 106, 'S1', 'AKUNTANSI', 'AKUNTANSI', 'non teknik', 'UNIVERSITAS WINAYA MUKTI', 'UNIVERSITAS WINAYA MUKTI', 'A 0151412298', '1998-07-17', '1998-07-17', ''),
(94, 106, 'S2', 'MAGISTER ILMU EKONOMI KONSENTRASI AKUNTANSI', 'EKONOMI', 'non teknik', 'UNIVERSITAS PADJAJARAN', 'UNIVERSITAS PADJAJARAN', 'UN6.0019374/B20.003669', '2012-07-24', '2012-07-24', ''),
(95, 105, 'S1', 'TEKNIK INFORMATIKA', 'TEKNIK INFORMATIKA', 'teknik', 'SEKOLAH TINGGI SAINS DAN TEKNOLOGI INDONESIA', 'SEKOLAH TINGGI SAINS DAN TEKNOLOGI INDONESIA', '0859.95.11', '1995-05-04', '1995-05-04', ''),
(96, 105, 'S2', 'INFORMATIKA', 'INFORMATIKA', 'teknik', 'INSTITUT TEKNOLOGI BANDUNG', 'INSTITUT TEKNOLOGI BANDUNG', '235012/K01/PP.3.6.2/07/II/2005', '2005-07-23', '2005-06-23', ''),
(97, 92, 'S1', 'MATEMATIKA', 'SARJANA SAINS', 'non teknik', 'INSTITUT TEKNOLOGI BANDUNG', 'INSTITUT TEKNOLOGI BANDUNG', '101011/K01/PP.3.6.1/I/10/2000', '2000-10-07', '2000-09-22', ''),
(98, 58, 'S2', 'TEKNIK DAN MANAJEMEN INDUSTRI', 'TEKNIK DAN MANAJEMEN INDUSTRI', 'teknik', 'INSTITUT TEKNOLOGI BANDUNG', 'INSTITUT TEKNOLOGI BANDUNG', '234026/K01/PP.3.6.2/II/03/2002', '2002-03-09', '2001-10-01', ''),
(99, 90, 'S1', 'TEKNIK INFORMATIKA', 'TEKNIK INFORMATIKA', 'teknik', 'SEKOLAH TINGGI TEKNOLOGI TELKOM', 'SEKOLAH TINGGI TEKNOLOGI TELKOM', 'STT-185/PD02.17/24/11/00/SMF', '2001-03-20', '2001-03-12', ''),
(100, 90, 'S2', 'INFORMATIKA', 'MAGISTER TEKNIK', 'teknik', 'INSTITUT TEKNOLOGI BANDUNG', 'INSTITUT TEKNOLOGI BANDUNG', '2358014/K01/PP/III/IJZ/2/2008', '2008-03-08', '2008-02-18', ''),
(101, 98, 'S1', 'TEKNIK INFORMATIKA', 'TEKNIK', 'teknik', 'UNIVERSITAS WIDYATAMA', 'UNIVERSITAS WIDYATAMA', '173/TF/2009', '2009-05-04', '2009-05-04', ''),
(102, 91, 'S1', 'TEKNIK INFORMATIKA', 'TEKNIK INFORMATIKA', 'teknik', 'SEKOLAH TINGGI SAINS DAN TEKNOLOGI INDONESIA', 'SEKOLAH TINGGI SAINS DAN TEKNOLOGI INDONESIA', '043-038C.00806', '2012-04-20', '2012-04-13', '319524862-20180130-084513.jpg'),
(103, 91, 'S2', 'SISTEM INFORMASI', 'SISTEM INFORMASI BISNIS', 'non teknik', 'SEKOLAH TINGGI MANAJEMEN INFORMATIKA & KOMPUTER', 'SEKOLAH TINGGI MANAJEMEN INFORMATIKA & KOMPUTER', '007/MS/STK/III/2016', '2016-03-28', '2016-01-15', '318730626-20180130-084921.jpg'),
(104, 34, 'S1', 'MANAJEMEN', 'EKONOMI', 'non teknik', 'UNIVERSITAS NASIONAL PASIM', 'UNIVERSITAS NASIONAL PASIM', '0101151445/UNASPASIM/VIII/2015', '2015-08-31', '2015-08-29', ''),
(105, 59, 'S1', 'TEKNIK INFORMATIKA', 'TEKNIK INFORMATIKA', 'teknik', 'SEKOLAH TINGGI MANAJEMEN INFORMATIKA & KOMPUTER TASIKMALAYA', 'SEKOLAH TINGGI MANAJEMEN INFORMATIKA & KOMPUTER TASIKMALAYA', '2006.12.04.011441', '2006-12-30', '2006-12-16', ''),
(106, 59, 'S2', 'SISTEM INFORMASI', 'SISTEM INFORMASI', 'non teknik', 'SEKOLAH TINGGI MANAJEMEN INFORMATIKA & KOMPUTER', 'SEKOLAH TINGGI MANAJEMEN INFORMATIKA & KOMPUTER', '018/MS/STK/IV/2012', '2012-04-30', '2012-04-13', ''),
(107, 84, 'S1', 'TEKNIK INDUSTRI', 'SARJANA TEKNIK INDUSRI', 'teknik', 'INSTITUT TEKNOLOGI BANDUNG', 'INSTITUT TEKNOLOGI TELKOM', 'ITT-270/AKD31/16.3.0/12.2.0/10', '2010-03-27', '2010-03-10', '757191381-20180201-091741.jpg'),
(108, 84, 'S2', 'ADMINISTRASI BISNIS', 'MAGISTER ADMINISTRASI BISNIS', 'non teknik', 'INSTITUT TEKNOLOGI BANDUNG', 'INSTITUT TEKNOLOGI BANDUNG', '291031/I1.A/PP/III/IJZ/2/2015', '2015-03-27', '2015-02-18', '868113692-20180131-020749.jpg'),
(109, 52, 'S1', 'INDUSTRIAL ENGINEERING', 'ENGINEERING', 'non teknik', 'UNIVERSITAS PASUNDAN', 'UNIVERSITAS PASUNDAN', '09/03/3385', '2009-10-28', '2009-10-17', '974080687-20180131-021426.jpg'),
(110, 52, 'S2', 'MANAGEMENT (TECHNOLOGY)', 'MASTER OF MANAGEMENT (TECHNLOGY)', 'non teknik', 'UNIVERSITI TEKNOLOGI MALAYSIA', 'UNIVERSITI TEKNOLOGI MALAYSIA', '2014M- 000582', '2013-11-06', '2013-11-06', '525990509-20180131-021743.jpg'),
(111, 80, 'S1', 'TEKNIK DAN MANAJEMEN INDUSTRI', 'SARJANA TEKNIK', 'teknik', 'INSTITUT TEKNOLOGI NASIONAL', 'INSTITUT TEKNOLOGI NASIONAL', 'BIN-1186/ITENAS-06770/12/2001', '2001-12-13', '2001-12-13', '740478679-20180131-022216.jpg'),
(112, 80, 'S2', 'TEKNIK DAN MANAJEMEN INDUSTRI', 'MAGISTER TEKNIK', 'teknik', 'INSTITUT TEKNOLOGI BANDUNG', 'INSTITUT TEKNOLOGI BANDUNG', '234027/K01/PP/XI/IJZ/2/2006', '2006-11-11', '2006-10-07', '491030835-20180131-022407.jpg'),
(113, 104, 'S1', 'TEKNIK INDUSTRI', 'SARJANA TEKNIK', 'teknik', 'UNIVERSITAS PASUNDAN', 'UNIVERSITAS PASUNDAN', '08/03/2708', '2008-05-26', '2007-11-13', '100282441-20180201-093203.jpg'),
(114, 104, 'S2', 'TEKNIK INDUSTRI', 'MAGISTER TEKNIK INDUSTRI', 'teknik', 'UNIVERSITAS PASUNDAN', 'UNIVERSITAS PASUNDAN', '13/08/0076', '2013-06-02', '2012-11-02', '560100686-20180201-093213.jpg'),
(115, 112, 'S1', 'TEKNIK INDUSTRI', 'SARJANA TEKNIK', 'teknik', 'UNIVERSITAS JENDERAL ACHMAD YANI', 'UNIVERSITAS JENDERAL ACHMAD YANI', '1730', '2000-11-14', '2000-10-14', '263210850-20180201-094107.jpg'),
(116, 112, 'S2', 'TEKNIK DAN MANAJEMEN INDUSTRI', 'TEKNIK DAN MANAJEMEN INDUSTRI', 'teknik', 'INSTITUT TEKNOLOGI BANDUNG', 'INSTITUT TEKNOLOGI BANDUNG', '234003/K01/PP/VII/IJZ/2/2006', '2006-07-22', '2006-06-22', '635196378-20180201-094117.jpg'),
(117, 81, 'S1', 'TEKNIK INDUSTRI', 'TEKNIK INDUSTRI', 'teknik', 'UNIVERSITAS JENDERAL ACHMAD YANI', 'UNIVERSITAS JENDERAL ACHMAD YANI', '3230/UNJANI/11/00.01', '2001-10-31', '2001-08-09', '219594003-20180201-094621.jpg'),
(118, 81, 'S2', 'TEKNIK DAN MANAJEMEN INDUSTRI', 'TEKNIK DAN MANAJEMEN INDUSTRI', 'teknik', 'UNIVERSITAS PASUNDAN', 'UNIVERSITAS PASUNDAN', '06/03.PPs/0007', '2006-08-12', '2006-08-11', '335950222-20180201-094630.jpg'),
(119, 85, 'S1', 'TEKNIK DAN MANAJEMEN INDUSTRI', 'TEKNIK DAN MANAJEMEN INDUSTRI', 'teknik', 'UNIVERSITAS PASUNDAN', 'UNIVERSITAS PASUNDAN', '05/03/0906', '2005-05-07', '2005-04-02', ''),
(120, 85, 'S2', 'TEKNIK DAN MANAJEMEN INDUSTRI', 'TEKNIK DAN MANAJEMEN INDUSTRI', 'teknik', 'INSTITUT TEKNOLOGI BANDUNG', 'INSTITUT TEKNOLOGI BANDUNG', '234004/K01/PP/X/IJZ/2/2010', '2010-10-23', '2010-09-23', ''),
(121, 110, 'S1', 'ILMU HUBUNGAN INTERNASIONAL', 'SARJANA ILMU POLITIK', 'non teknik', 'UNIVERSITAS KATOLIK PARAHYANGAN', 'UNIVERSITAS KATOLIK PARAHYANGAN', '2012/03/03/027', '2012-02-27', '2012-01-11', ''),
(122, 110, 'S2', 'ADMINISTRASI BISNIS', 'MASTER OF BUSINESS ADMINISTRATION', 'non teknik', 'INSTITUT TEKNOLOGI BANDUNG', 'INSTITUT TEKNOLOGI BANDUNG', '291026/I1.A/PP/III/IJZ/2/2015', '2015-03-27', '2015-01-30', '635306453-20180131-032758.png'),
(123, 75, 'S1', 'MANAJEMEN BISNIS TELEKOMUNIKASI DAN INFORMATIKA', 'SARJANA MANAJEMEN BISNIS', 'non teknik', 'INSTITUT MANAJEMEN TELKOM', 'INSTITUT MANAJEMEN TELKOM', 'IMT.24/S1.MBTI.013/2011/001487', '2011-11-19', '2011-11-02', '614392915-20180131-035454.jpg'),
(124, 75, 'S2', 'MANAJEMEN', 'MAGISTER MANAJEMEN', 'non teknik', 'UNIVERSITAS PADJAJARAN', 'UNIVERSITAS PADJAJARAN', 'UN6.0021610/B20.004120', '2014-02-07', '2014-02-07', '533321962-20180131-035654.jpg'),
(125, 70, 'S1', 'ILMU EKONOMI DAN STUDI PEMBANGUNAN', 'SARJANA EKONOMI', 'non teknik', 'UNIVERSITAS TERBUKA', 'UNIVERSITAS TERBUKA', '00976/I/00080', '1993-04-24', '1993-04-24', '261974695-20180201-095946.jpg'),
(126, 70, 'S2', 'MANAJEMEN', 'MAGISTER MANAJEMEN', 'non teknik', 'SEKOLAH TINGGI ILMU MANAJEMEN JAKARTA', 'SEKOLAH TINGGI ILMU MANAJEMEN JAKARTA', '119/S2/STIMJ/2000', '2000-11-01', '2000-07-10', '835985817-20180201-095958.jpg'),
(127, 101, 'S1', 'MANAJEMEN', 'SARJANA EKONOMI', 'non teknik', 'UNIVERSITAS PASUNDAN', 'UNIVERSITAS PASUNDAN', '00/04/864', '2000-11-03', '2000-11-03', ''),
(128, 101, 'S2', 'MANAJEMEN', 'MAGISTER MANAJEMEN', 'non teknik', 'UNIVERSITAS PARAMADINA', 'UNIVERSITAS PARAMADINA', 'UPM/MM/04/0001', '2004-02-19', '2004-02-19', ''),
(129, 113, 'S1', 'MANAJEMEN', 'SARJANA EKONOMI', 'non teknik', 'UNIVERSITAS LANGLANGBUANA', 'UNIVERSITAS LANGLANGBUANA', '98210393', '1998-03-27', '1970-01-01', ''),
(130, 113, 'S2', 'MANAJEMEN', 'MAGISTER MANAJEMEN', 'non teknik', 'UNIVERSITAS ARS INTERNASIONAL', 'UNIVERSITAS ARS INTERNASIONAL', '593/IJ-MM/U-ARS/2007', '2007-08-10', '2007-08-10', ''),
(131, 69, 'S1', 'MANAJEMEN', 'SARJANA EKONOMI', 'non teknik', 'UNIVERSITAS PASUNDAN', 'UNIVERSITAS PASUNDAN', '12/04/4037', '2012-06-18', '2012-04-28', '239407561-20180201-092349.jpg'),
(132, 69, 'S2', 'MANAJEMEN', 'MAGISTER MANAJEMEN', 'non teknik', 'UNIVERSITAS PENDIDIKAN INDONESIA', 'UNIVERSITAS PENDIDIKAN INDONESIA', '17010399', '2015-12-15', '2015-08-31', '139508335-20180201-092402.jpg'),
(133, 74, 'S1', 'AKUNTANSI', 'SARJANA EKONOMI', 'non teknik', 'UNIVERSITAS PENDIDIKAN INDONESIA', 'UNIVERSITAS PENDIDIKAN INDONESIA', '16006176', '2012-01-26', '2012-01-26', '197849355-20180201-092546.jpg'),
(134, 74, 'S2', 'ADMINISTRASI BISNIS', 'MAGISTER ADMINISTRASI BISNIS', 'non teknik', 'INSTITUT TEKNOLOGI BANDUNG', 'INSTITUT TEKNOLOGI BANDUNG', '291035/I1.A/PP/III/IJZ/2/2015', '2015-03-27', '2015-01-29', '968960657-20180201-092555.jpg'),
(135, 68, 'S1', 'MANAJEMEN', 'SARJANA EKONOMI', 'non teknik', 'UNIVERSITAS NASIONAL PASIM', 'UNIVERSITAS NASIONAL PASIM', '010110482/UNASPASIM/XI/2010', '2010-11-04', '2010-11-04', '449233128-20180131-044155.jpg'),
(136, 68, 'S2', 'MANAJEMEN', 'MAGISTER MANAJEMEN', 'non teknik', 'UNIVERSITAS PENDIDIKAN INDONESIA', 'UNIVERSITAS PENDIDIKAN INDONESIA', '17010680', '2016-04-13', '2016-11-11', '998952593-20180201-092821.jpg'),
(137, 71, 'S1', 'PENDIDIKAN MANAJEMEN PERKANTORAN', 'SARJANA PENDIDIKAN', 'non teknik', 'UNIVERSITAS PENDIDIKAN INDONESIA', 'UNIVERSITAS PENDIDIKAN INDONESIA', '06043292', '2009-11-04', '2009-11-04', '788589313-20180201-095006.jpg'),
(138, 71, 'S2', 'MAGISTER MANAJEMEN BISNIS', 'MAGISTER MANAJEMEN', 'non teknik', 'UNIVERSITAS PENDIDIKAN INDONESIA', 'UNIVERSITAS PENDIDIKAN INDONESIA', '170006712', '2012-07-31', '2012-07-31', '327137126-20180201-095017.jpg'),
(139, 72, 'S1', 'ILMU ADMINISTRASI NIAGA', 'SARJANA SOSIAL', 'non teknik', 'UNIVERSITAS PADJAJARAN', 'UNIVERSITAS PADJAJARAN', 'HG.13821/G2.2443', '2008-11-25', '2008-10-29', ''),
(140, 72, 'S2', 'MAGISTER MANAJEMEN BISNIS', 'MAGISTER MANAJEMEN', 'non teknik', 'UNIVERSITAS PENDIDIKAN INDONESIA', 'UNIVERSITAS PENDIDIKAN INDONESIA', '17006170', '2012-01-03', '2012-01-03', ''),
(141, 72, 'S3', 'ILMU ADMINISTRASI BISNIS', 'DOKTOR', 'non teknik', 'UNIVERSITAS PADJAJARAN', 'UNIVERSITAS PADJAJARAN', '-', '2017-07-26', '2017-07-26', '568287371-20180131-050139.jpg'),
(142, 102, 'S1', 'MANAJEMEN', 'SARJANA EKONOMI', 'non teknik', 'SEKOLAH TINGGI ILMU EKONOMI PENGEMBANGAN SISTEM INFORMASI MANAJEMEN', 'SEKOLAH TINGGI ILMU EKONOMI PENGEMBANGAN SISTEM INFORMASI MANAJEMEN', '-', '2005-12-29', '2005-12-29', ''),
(143, 102, 'S2', 'MAGISTER MANAJEMEN BISNIS', 'MAGISTER MANAJEMEN', 'non teknik', 'UNIVERSITAS PENDIDIKAN INDONESIA', 'UNIVERSITAS PENDIDIKAN INDONESIA', '17006713', '2012-07-31', '2012-07-31', '981573736-20180131-051154.png'),
(144, 119, 'S2', 'MANAJEMEN BISNIS', 'MAGISTER MANAJEMEN', 'non teknik', 'UNIVERSITAS PENDIDIKAN INDONESIA', 'UNIVERSITAS PENDIDIKAN INDONESIA', '17007818', '2013-07-03', '2013-07-03', '870584701-20180201-091939.png'),
(145, 29, 'D3', 'AKUNTANSI', 'AHLI MADYA AKUNTASNI', 'non teknik', 'POLITEKNIK POS INDONESIA', 'POLITEKNIK POS INDONESIA', '003357', '2012-09-06', '2012-09-06', '992754272-20180201-094805.jpg'),
(146, 35, 'S1', 'AKUNTANSI', 'SARJANA EKONOMI', 'non teknik', 'UNIVERSITAS SANGGA BUANA', 'UNIVERSITAS SANGGA BUANA', 'S.4 2012269209532', '2012-06-21', '2012-06-21', ''),
(147, 94, 'S1', 'AKUNTANSI', 'SARJANA EKONOMI', 'non teknik', 'SEKOLAH TINGGI ILMU EKONOMI "INDONESIA MEMBANGUN"', 'SEKOLAH TINGGI ILMU EKONOMI "INDONESIA MEMBANGUN"', '0301351', '2012-05-28', '2012-05-28', '621850651-20180201-083656.jpg'),
(148, 14, 'SMK', 'SMK', 'SMK', 'non teknik', 'SMK NEGERI 5 BANDUNG', 'SMK NEGERI 5 BANDUNG', '02 Mk 214 000068', '1998-05-30', '1998-05-30', '909944349-20180201-084510.jpg'),
(149, 27, 'SMA', 'SMA', 'SMA', 'non teknik', 'PAKET B', 'PAKET B', 'DN 02 PB 0004320', '2011-08-11', '2011-08-11', '616957008-20180201-090532.jpg'),
(150, 119, 'S1', 'TEKNIK PANGAN', 'SARJANA TEKNIK', 'teknik', 'UNIVERSITAS PADJAJARAN', 'UNIVERSITAS PADJAJARAN', '05/03/1078', '2005-08-06', '2005-06-30', '395619881-20180201-092132.jpg'),
(151, 57, 'S1', 'TEKNIK INFORMATIKA', 'SARJANA KOMPUTER', 'teknik', 'UNIVERSITAS NASIONAL PASIM', 'UNIVERSITAS NASIONAL PASIM', '020308014/UNASPASIM/X/2009', '2009-11-20', '2009-10-28', '898552428-20180202-090439.jpg');

-- --------------------------------------------------------

--
-- Table structure for table `tbl_data_penghargaan`
--

CREATE TABLE IF NOT EXISTS `tbl_data_penghargaan` (
  `id_penghargaan` int(50) NOT NULL AUTO_INCREMENT,
  `id_pegawai` int(50) NOT NULL,
  `id_master_penghargaan` int(50) NOT NULL,
  `uraian` text NOT NULL,
  `nomor_sk` varchar(100) NOT NULL,
  `tanggal_sk` date NOT NULL,
  `foto` varchar(150) NOT NULL,
  PRIMARY KEY (`id_penghargaan`)
) ENGINE=MyISAM  DEFAULT CHARSET=latin1 AUTO_INCREMENT=2 ;

--
-- Dumping data for table `tbl_data_penghargaan`
--

INSERT INTO `tbl_data_penghargaan` (`id_penghargaan`, `id_pegawai`, `id_master_penghargaan`, `uraian`, `nomor_sk`, `tanggal_sk`, `foto`) VALUES
(1, 4, 6, 'fdasf', 'fasdfad', '2018-01-08', '');

-- --------------------------------------------------------

--
-- Table structure for table `tbl_data_referensi`
--

CREATE TABLE IF NOT EXISTS `tbl_data_referensi` (
  `id_referensi` int(11) NOT NULL AUTO_INCREMENT,
  `id_pegawai` int(11) NOT NULL,
  `nama_referensi` varchar(500) NOT NULL,
  `jabatan_referensi` varchar(500) NOT NULL,
  `no_telepon_referensi` varchar(500) NOT NULL,
  `perusahaan_referensi` varchar(500) NOT NULL,
  `hubungan_referensi` varchar(500) NOT NULL,
  PRIMARY KEY (`id_referensi`)
) ENGINE=InnoDB  DEFAULT CHARSET=latin1 AUTO_INCREMENT=2 ;

--
-- Dumping data for table `tbl_data_referensi`
--

INSERT INTO `tbl_data_referensi` (`id_referensi`, `id_pegawai`, `nama_referensi`, `jabatan_referensi`, `no_telepon_referensi`, `perusahaan_referensi`, `hubungan_referensi`) VALUES
(1, 1, 'asda', 'ad', '010', 'asd', 'asd');

-- --------------------------------------------------------

--
-- Table structure for table `tbl_data_riwayat_jabatan`
--

CREATE TABLE IF NOT EXISTS `tbl_data_riwayat_jabatan` (
  `id_riwayat_jabatan` int(50) NOT NULL AUTO_INCREMENT,
  `id_pegawai` int(50) NOT NULL,
  `status` varchar(50) NOT NULL,
  `penempatan` varchar(50) NOT NULL,
  `id_jabatan` int(50) NOT NULL,
  `id_unit_kerja` int(50) NOT NULL,
  `uraian` text NOT NULL,
  `id_eselon` int(50) NOT NULL,
  `tmt_eselon` varchar(50) NOT NULL,
  `nomor_sk` varchar(50) NOT NULL,
  `tanggal_sk` date NOT NULL,
  `tanggal_mulai` date NOT NULL,
  `tanggal_selesai` date NOT NULL,
  `lokasi` varchar(150) NOT NULL,
  `foto` varchar(150) NOT NULL,
  PRIMARY KEY (`id_riwayat_jabatan`)
) ENGINE=MyISAM DEFAULT CHARSET=latin1 AUTO_INCREMENT=1 ;

-- --------------------------------------------------------

--
-- Table structure for table `tbl_data_riwayat_kesehatan`
--

CREATE TABLE IF NOT EXISTS `tbl_data_riwayat_kesehatan` (
  `id_riwayat_kesehatan` int(11) NOT NULL AUTO_INCREMENT,
  `id_pegawai` int(11) NOT NULL,
  `nama_penyakit` varchar(500) NOT NULL,
  `tanggal_riwayat` date NOT NULL,
  `keterangan` text NOT NULL,
  PRIMARY KEY (`id_riwayat_kesehatan`)
) ENGINE=InnoDB  DEFAULT CHARSET=latin1 AUTO_INCREMENT=2 ;

--
-- Dumping data for table `tbl_data_riwayat_kesehatan`
--

INSERT INTO `tbl_data_riwayat_kesehatan` (`id_riwayat_kesehatan`, `id_pegawai`, `nama_penyakit`, `tanggal_riwayat`, `keterangan`) VALUES
(1, 1, 'tes', '2018-01-02', 'tes');

-- --------------------------------------------------------

--
-- Table structure for table `tbl_data_riwayat_pangkat`
--

CREATE TABLE IF NOT EXISTS `tbl_data_riwayat_pangkat` (
  `id_riwayat_pangkat` int(50) NOT NULL AUTO_INCREMENT,
  `id_pegawai` int(50) NOT NULL,
  `id_golongan` int(30) NOT NULL,
  `status` varchar(50) NOT NULL,
  `nomor_sk` varchar(50) NOT NULL,
  `tanggal_sk` date NOT NULL,
  `tanggal_mulai` date NOT NULL,
  `tanggal_selesai` date NOT NULL,
  `masa_kerja` varchar(30) NOT NULL,
  `foto` varchar(250) NOT NULL,
  PRIMARY KEY (`id_riwayat_pangkat`)
) ENGINE=MyISAM  DEFAULT CHARSET=latin1 AUTO_INCREMENT=12 ;

--
-- Dumping data for table `tbl_data_riwayat_pangkat`
--

INSERT INTO `tbl_data_riwayat_pangkat` (`id_riwayat_pangkat`, `id_pegawai`, `id_golongan`, `status`, `nomor_sk`, `tanggal_sk`, `tanggal_mulai`, `tanggal_selesai`, `masa_kerja`, `foto`) VALUES
(1, 3, 16, 'FUNGSIONAL', 'SK.124/YPBPI/0917', '2017-09-13', '2017-10-01', '2021-10-01', '34 Tahun 0 bulan', ''),
(2, 4, 12, 'PEG TETAP', 'SK.123/YPBPI/0917', '2017-09-13', '2017-10-01', '2021-10-01', '15 tahun', ''),
(3, 111, 14, 'AKTIF', 'SK.059/YPBPI/0317', '2017-03-27', '2017-04-01', '2021-04-01', '5 TAHUN 9 BULAN', ''),
(4, 6, 15, 'PEG TETAP', '106/YPBPI/SK/0614', '2014-06-19', '2006-06-01', '2027-06-01', '12 TAHUN', ''),
(5, 21, 7, 'PEGAWAI TETAP', '004/SK/YPBPI/0306', '2006-03-01', '2006-03-01', '2006-01-24', '5', ''),
(6, 39, 13, 'KARYAWAN TETAP', '108/YPBPI/SK/0916', '2016-09-14', '2006-09-01', '2018-01-24', '5', '400015650-20180129-084856.jpg'),
(7, 9, 8, 'AKTIF', '106/YPBPI/SK/0615', '2015-06-23', '2010-08-01', '1970-01-01', '7 TAHUN 5', ''),
(8, 12, 8, 'AKTIF', '106/YPBPI/SK/0615', '2015-06-23', '2010-08-01', '2035-08-01', '7 TAHUN 5', ''),
(9, 13, 12, 'TETAP', '115/YPBPI/SK/0615', '2015-06-25', '2015-06-01', '2019-06-01', '4 TAHUN', ''),
(10, 116, 6, 'AKTIF', '107/YPBPI/SK/0615', '2015-06-23', '2010-08-01', '2010-08-01', '7 TAHUN 5', ''),
(11, 117, 9, 'AKTIF', 'SK.062/YPBPI/0417', '2017-04-03', '2008-05-01', '2008-05-01', '10 TAHUN', '');

-- --------------------------------------------------------

--
-- Table structure for table `tbl_data_riwayat_pekerjaan`
--

CREATE TABLE IF NOT EXISTS `tbl_data_riwayat_pekerjaan` (
  `id_riwayat_pekerjaan` int(11) NOT NULL AUTO_INCREMENT,
  `id_pegawai` int(11) NOT NULL,
  `nama_perusahaan` varchar(500) NOT NULL,
  `bidang_perusahaan` varchar(500) NOT NULL,
  `jabatan_perusahaan` varchar(500) NOT NULL,
  `tanggal_awal_pekerjaan` date NOT NULL,
  `tanggal_akhir_pekerjaan` date NOT NULL,
  `alasan_berhenti` text NOT NULL,
  `gambaran_pekerjaan` text NOT NULL,
  `pembaruan_pekerjaan` text NOT NULL,
  PRIMARY KEY (`id_riwayat_pekerjaan`)
) ENGINE=InnoDB  DEFAULT CHARSET=latin1 AUTO_INCREMENT=3 ;

--
-- Dumping data for table `tbl_data_riwayat_pekerjaan`
--

INSERT INTO `tbl_data_riwayat_pekerjaan` (`id_riwayat_pekerjaan`, `id_pegawai`, `nama_perusahaan`, `bidang_perusahaan`, `jabatan_perusahaan`, `tanggal_awal_pekerjaan`, `tanggal_akhir_pekerjaan`, `alasan_berhenti`, `gambaran_pekerjaan`, `pembaruan_pekerjaan`) VALUES
(1, 1, 'tes', 'tes', 'tes', '2018-01-01', '2018-01-30', 'tes', '', 'tes'),
(2, 1, '0', '0', '0', '1970-01-01', '1970-01-01', '0', '', '0');

-- --------------------------------------------------------

--
-- Table structure for table `tbl_data_seminar`
--

CREATE TABLE IF NOT EXISTS `tbl_data_seminar` (
  `id_seminar` int(50) NOT NULL AUTO_INCREMENT,
  `id_pegawai` int(50) NOT NULL,
  `uraian` text NOT NULL,
  `lokasi` varchar(100) NOT NULL,
  `tanggal` date NOT NULL,
  `foto` varchar(150) NOT NULL,
  PRIMARY KEY (`id_seminar`)
) ENGINE=MyISAM DEFAULT CHARSET=latin1 AUTO_INCREMENT=1 ;

-- --------------------------------------------------------

--
-- Table structure for table `tbl_master_eselon`
--

CREATE TABLE IF NOT EXISTS `tbl_master_eselon` (
  `id_eselon` int(50) NOT NULL AUTO_INCREMENT,
  `nama_eselon` varchar(150) NOT NULL,
  `level` varchar(50) NOT NULL,
  PRIMARY KEY (`id_eselon`)
) ENGINE=MyISAM  DEFAULT CHARSET=latin1 AUTO_INCREMENT=2 ;

--
-- Dumping data for table `tbl_master_eselon`
--

INSERT INTO `tbl_master_eselon` (`id_eselon`, `nama_eselon`, `level`) VALUES
(1, 'HDJASHKHH', 'SDA');

-- --------------------------------------------------------

--
-- Table structure for table `tbl_master_golongan`
--

CREATE TABLE IF NOT EXISTS `tbl_master_golongan` (
  `id_golongan` int(50) NOT NULL AUTO_INCREMENT,
  `golongan` varchar(100) NOT NULL,
  `uraian` text NOT NULL,
  `level` varchar(50) NOT NULL,
  `next` int(255) NOT NULL,
  PRIMARY KEY (`id_golongan`)
) ENGINE=MyISAM  DEFAULT CHARSET=latin1 AUTO_INCREMENT=24 ;

--
-- Dumping data for table `tbl_master_golongan`
--

INSERT INTO `tbl_master_golongan` (`id_golongan`, `golongan`, `uraian`, `level`, `next`) VALUES
(4, 'CAPEG', 'CALON PEGAWAI', '18', 5),
(5, 'I/A', 'JURU MUDA', '17', 6),
(6, 'I/B', 'JURU MUDA TINGKAT I', '16', 7),
(7, 'I/C', 'JURU', '15', 8),
(8, 'I/D', 'JURU TINGKAT I', '14', 9),
(9, 'II/A', 'PENGATUR MUDA', '13', 10),
(10, 'II/B', 'PENGATUR MUDA TK IPENGATUR MUDA TK I', '12', 11),
(11, 'II/C', 'Pengatur', '11', 12),
(12, 'II/D', 'PENGATUR TINGKAT I', '10', 13),
(13, 'III/A', 'PENATA MUDA', '9', 14),
(14, 'III/B', 'PENATA MUDA TINGKAT I', '8', 15),
(15, 'III/C', 'PENATA', '7', 16),
(16, 'III/D', 'PENATA TINGKAT I', '6', 17),
(17, 'IV/A', 'PEMBINA', '5', 18),
(18, 'IV/B', 'PEMBINA TINGKAT I', '4', 19),
(19, 'IV/C', 'PEMBINA UTAMA MUDA', '3', 20),
(20, 'IV/D', 'PEMBINA UTAMA MADYA', '2', 21),
(21, '-', '-', '-', 22),
(22, 's', 's', 's', 0);

-- --------------------------------------------------------

--
-- Table structure for table `tbl_master_hukuman`
--

CREATE TABLE IF NOT EXISTS `tbl_master_hukuman` (
  `id_hukuman` int(50) NOT NULL AUTO_INCREMENT,
  `nama_hukuman` varchar(100) NOT NULL,
  PRIMARY KEY (`id_hukuman`)
) ENGINE=MyISAM  DEFAULT CHARSET=latin1 AUTO_INCREMENT=15 ;

--
-- Dumping data for table `tbl_master_hukuman`
--

INSERT INTO `tbl_master_hukuman` (`id_hukuman`, `nama_hukuman`) VALUES
(4, 'TEGURAN LISAN'),
(5, 'TEGURAN TERTULIS'),
(9, 'PENURUNAN PANGKAT'),
(10, 'PEMBEBASAN DARI JABATAN'),
(12, 'PEMBERHENTIAN TIDAK DENGAN HORMAT');

-- --------------------------------------------------------

--
-- Table structure for table `tbl_master_jabatan`
--

CREATE TABLE IF NOT EXISTS `tbl_master_jabatan` (
  `id_jabatan` int(50) NOT NULL AUTO_INCREMENT,
  `nama_jabatan` varchar(100) NOT NULL,
  `level` varchar(50) NOT NULL,
  PRIMARY KEY (`id_jabatan`)
) ENGINE=MyISAM  DEFAULT CHARSET=latin1 AUTO_INCREMENT=2409 ;

--
-- Dumping data for table `tbl_master_jabatan`
--

INSERT INTO `tbl_master_jabatan` (`id_jabatan`, `nama_jabatan`, `level`) VALUES
(2384, 'STAF PRODI D4 TI', '-'),
(2346, 'DIREKTUR', 'DIREKTUR'),
(2347, 'WAKIL DIREKTUR', 'WAKIL DIREKTUR'),
(2383, 'STAF PRODI D3 TI', '-'),
(2353, 'DEPUTI', 'SVP'),
(2382, 'KA PRODI D3 MP', '-'),
(2355, 'STAF TIK', '0'),
(2356, 'STAF PERPUSTAKAAN', '0'),
(2357, 'STAF BAAK', '0'),
(2358, 'STAF BAUK', '0'),
(2359, 'STAF LPPM', '0'),
(2360, 'MAN COT', '0'),
(2361, 'MANAGER LSP', '0'),
(2362, 'DIREKTUR LSP', '0'),
(2363, 'WADIR LSP', '0'),
(2364, 'AUDITOR MUTU', '0'),
(2365, 'KA LPPM', '0'),
(2366, 'KA TIK', '-'),
(2367, 'SEKRETARIS LPPM', '-'),
(2368, 'KA PENUNJANG AKADEMIK', '-'),
(2369, 'MANAGER GKM', '-'),
(2370, 'KA KEMAHASISWAAN & KERJASAMA', 'KA KEMAHASISWAAN & KERJASAMA'),
(2371, 'KA REKRUITMENT & PMB', '-'),
(2372, 'KA BAUK', '-'),
(2373, 'KA BAAK', '-'),
(2374, 'KA PRODI D3 TI', '-'),
(2375, 'KA PRODI D4 TI', '-'),
(2376, 'KA PRODI D4 MB', '-'),
(2377, 'KA PRODI D3 MI', '-'),
(2378, 'KA PRODI D3 AK', '-'),
(2379, 'KA PRODI D4 AK', '-'),
(2380, 'KA PRODI D3 LB', '-'),
(2381, 'KA PRODI D4 LB', '-'),
(2385, 'STAF PRODI D4 MB', '-'),
(2386, 'STAF PRODI D3 MP', '-'),
(2387, 'STAF PRODI D3 MI', '-'),
(2389, 'STAF PRODI D3 AK', '-'),
(2390, 'STAF PRODI D4 AK', '-'),
(2391, 'STAF PRODI D4 LB', '-'),
(2392, 'STAFF', '1'),
(2393, 'DOSEN', '-'),
(2394, 'STAF PRODI D3 LB', 'STAF PRODI D3 LB'),
(2395, 'KA SPPMI', '-'),
(2396, 'STAF WADIR I', 'STAF WADIR I'),
(2397, 'DRIVER', 'DRIVER'),
(2398, 'STAF SPPMI', 'STAF SPPMI'),
(2399, 'STAF SARANA', '-'),
(2400, 'STAF DIREKTUR', 'STAF DIREKTUR'),
(2401, 'STAF DEPUTI', 'STAF DEPUTI'),
(2402, 'STAF WADIR III', 'STAF WADIR III'),
(2403, 'STAF LSP', 'STAF LSP'),
(2404, 'WADIR I', 'WADIR I'),
(2405, 'WADIR II', 'WADIR II'),
(2406, 'WADIR III', 'WADIR III'),
(2407, 'ASISTEN DEPUTI', 'MANAJER'),
(2408, 'DEPUTI WADIR I', 'DEPUTI WADIR I');

-- --------------------------------------------------------

--
-- Table structure for table `tbl_master_jabatan_fungsional`
--

CREATE TABLE IF NOT EXISTS `tbl_master_jabatan_fungsional` (
  `id_jabatan_fungsional` int(50) NOT NULL AUTO_INCREMENT,
  `id_jenis_pegawai` int(50) NOT NULL,
  `nama_jabatan_fungsional` varchar(150) NOT NULL,
  PRIMARY KEY (`id_jabatan_fungsional`)
) ENGINE=InnoDB  DEFAULT CHARSET=latin1 AUTO_INCREMENT=5 ;

--
-- Dumping data for table `tbl_master_jabatan_fungsional`
--

INSERT INTO `tbl_master_jabatan_fungsional` (`id_jabatan_fungsional`, `id_jenis_pegawai`, `nama_jabatan_fungsional`) VALUES
(1, 1, 'Tenaga Pengajar'),
(2, 1, 'Assiten Ahli'),
(3, 1, 'Lektor'),
(4, 1, 'Lektor Kepala');

-- --------------------------------------------------------

--
-- Table structure for table `tbl_master_jenis_pegawai`
--

CREATE TABLE IF NOT EXISTS `tbl_master_jenis_pegawai` (
  `id_jenis_pegawai` int(50) NOT NULL AUTO_INCREMENT,
  `nama_jenis_pegawai` varchar(150) NOT NULL,
  PRIMARY KEY (`id_jenis_pegawai`)
) ENGINE=InnoDB  DEFAULT CHARSET=latin1 AUTO_INCREMENT=5 ;

--
-- Dumping data for table `tbl_master_jenis_pegawai`
--

INSERT INTO `tbl_master_jenis_pegawai` (`id_jenis_pegawai`, `nama_jenis_pegawai`) VALUES
(1, 'Dosen'),
(2, 'Non Dosen'),
(3, 'DEPUTI'),
(4, 'STAFF');

-- --------------------------------------------------------

--
-- Table structure for table `tbl_master_kelompok_pegawai`
--

CREATE TABLE IF NOT EXISTS `tbl_master_kelompok_pegawai` (
  `id_kelompok_pegawai` int(50) NOT NULL AUTO_INCREMENT,
  `nama_kelompok_pegawai` varchar(150) NOT NULL,
  PRIMARY KEY (`id_kelompok_pegawai`),
  UNIQUE KEY `id_kelompok_pegawai` (`id_kelompok_pegawai`)
) ENGINE=InnoDB  DEFAULT CHARSET=latin1 AUTO_INCREMENT=4 ;

--
-- Dumping data for table `tbl_master_kelompok_pegawai`
--

INSERT INTO `tbl_master_kelompok_pegawai` (`id_kelompok_pegawai`, `nama_kelompok_pegawai`) VALUES
(1, 'Dosen'),
(3, 'Non-Dosen');

-- --------------------------------------------------------

--
-- Table structure for table `tbl_master_lokasi_kerja`
--

CREATE TABLE IF NOT EXISTS `tbl_master_lokasi_kerja` (
  `id_lokasi_kerja` int(10) NOT NULL AUTO_INCREMENT,
  `lokasi_kerja` varchar(100) NOT NULL,
  PRIMARY KEY (`id_lokasi_kerja`)
) ENGINE=InnoDB  DEFAULT CHARSET=latin1 AUTO_INCREMENT=4 ;

--
-- Dumping data for table `tbl_master_lokasi_kerja`
--

INSERT INTO `tbl_master_lokasi_kerja` (`id_lokasi_kerja`, `lokasi_kerja`) VALUES
(1, 'POLTEKPOS'),
(2, 'STIMLOG'),
(3, 'YPBPI');

-- --------------------------------------------------------

--
-- Table structure for table `tbl_master_lokasi_pelatihan`
--

CREATE TABLE IF NOT EXISTS `tbl_master_lokasi_pelatihan` (
  `id_lokasi_pelatihan` int(50) NOT NULL AUTO_INCREMENT,
  `nama_lokasi` varchar(100) NOT NULL,
  PRIMARY KEY (`id_lokasi_pelatihan`)
) ENGINE=MyISAM  DEFAULT CHARSET=latin1 AUTO_INCREMENT=18 ;

--
-- Dumping data for table `tbl_master_lokasi_pelatihan`
--

INSERT INTO `tbl_master_lokasi_pelatihan` (`id_lokasi_pelatihan`, `nama_lokasi`) VALUES
(4, 'BALAI DIKLAT BANDUNG'),
(12, 'B-LOGIC BANDUNG'),
(16, 'LAIN-LAIN');

-- --------------------------------------------------------

--
-- Table structure for table `tbl_master_pelatihan`
--

CREATE TABLE IF NOT EXISTS `tbl_master_pelatihan` (
  `id_pelatihan` int(50) NOT NULL AUTO_INCREMENT,
  `nama_pelatihan` varchar(150) NOT NULL,
  `level` varchar(50) NOT NULL,
  PRIMARY KEY (`id_pelatihan`)
) ENGINE=MyISAM  DEFAULT CHARSET=latin1 AUTO_INCREMENT=396 ;

--
-- Dumping data for table `tbl_master_pelatihan`
--

INSERT INTO `tbl_master_pelatihan` (`id_pelatihan`, `nama_pelatihan`, `level`) VALUES
(21, 'ADMINISTRASI & KEUANGAN', '0'),
(28, 'PROCUREMENT', '0'),
(32, 'ADMINISTRASI KEPEGAWAIAN', '0'),
(33, 'ADMINISTRASI PERKANTORAN', '0'),
(34, 'AKUNTANSI', '0');

-- --------------------------------------------------------

--
-- Table structure for table `tbl_master_penghargaan`
--

CREATE TABLE IF NOT EXISTS `tbl_master_penghargaan` (
  `id_penghargaan` int(50) NOT NULL AUTO_INCREMENT,
  `nama_penghargaan` varchar(100) NOT NULL,
  PRIMARY KEY (`id_penghargaan`)
) ENGINE=MyISAM  DEFAULT CHARSET=latin1 AUTO_INCREMENT=115 ;

--
-- Dumping data for table `tbl_master_penghargaan`
--

INSERT INTO `tbl_master_penghargaan` (`id_penghargaan`, `nama_penghargaan`) VALUES
(6, 'STAF TERBAIK'),
(112, 'LAIN-LAIN');

-- --------------------------------------------------------

--
-- Table structure for table `tbl_master_pertanyaan`
--

CREATE TABLE IF NOT EXISTS `tbl_master_pertanyaan` (
  `id_pertanyaan` int(11) NOT NULL AUTO_INCREMENT,
  `nama_pertanyaan` varchar(500) NOT NULL,
  PRIMARY KEY (`id_pertanyaan`)
) ENGINE=InnoDB  DEFAULT CHARSET=latin1 AUTO_INCREMENT=7 ;

--
-- Dumping data for table `tbl_master_pertanyaan`
--

INSERT INTO `tbl_master_pertanyaan` (`id_pertanyaan`, `nama_pertanyaan`) VALUES
(1, 'Ketersediaan Anda perihal melakukan perjalanan dinas'),
(2, 'Apakah anda memiliki keluarga, kerabat, atau teman yang bekerja di YBPI? sebutkan?'),
(3, 'Apakah anda pernah melamar ke YBPI sebelumnya?, jika ya, kapan dan untuk posisi apa?'),
(4, 'Apakah Anda pernah terlibat dengan pihak Kepolisian berkaitan dengan isu pelanggaran kriminal, persidangan atau pelanggaran perdata?'),
(5, 'Apakah Anda memiliki kepemilikan atau keterikatan dengan perusahaan lain?'),
(6, 'Jika Anda diterima, kapan Anda dapat mulai bekerja?');

-- --------------------------------------------------------

--
-- Table structure for table `tbl_master_ppk`
--

CREATE TABLE IF NOT EXISTS `tbl_master_ppk` (
  `id_ppk` int(50) NOT NULL AUTO_INCREMENT,
  `nama_ppk` varchar(150) NOT NULL,
  `parent_satuan_kerja` varchar(50) NOT NULL,
  PRIMARY KEY (`id_ppk`)
) ENGINE=MyISAM  DEFAULT CHARSET=latin1 AUTO_INCREMENT=512 ;

--
-- Dumping data for table `tbl_master_ppk`
--

INSERT INTO `tbl_master_ppk` (`id_ppk`, `nama_ppk`, `parent_satuan_kerja`) VALUES
(59, 'YPBPI', 'BENDAHARA YPBPI');

-- --------------------------------------------------------

--
-- Table structure for table `tbl_master_satuan_kerja`
--

CREATE TABLE IF NOT EXISTS `tbl_master_satuan_kerja` (
  `id_satuan_kerja` int(50) NOT NULL AUTO_INCREMENT,
  `nama_satuan_kerja` varchar(150) NOT NULL,
  `parent_unit` varchar(50) NOT NULL,
  PRIMARY KEY (`id_satuan_kerja`)
) ENGINE=MyISAM  DEFAULT CHARSET=latin1 AUTO_INCREMENT=220 ;

--
-- Dumping data for table `tbl_master_satuan_kerja`
--

INSERT INTO `tbl_master_satuan_kerja` (`id_satuan_kerja`, `nama_satuan_kerja`, `parent_unit`) VALUES
(7, 'STAF ADMIN', 'BAAK'),
(185, 'STAF JURUSAN', 'PRODI'),
(187, 'STAF SARANA', 'SARANA'),
(188, 'SDM YPBPI', 'SDM'),
(189, 'KEUANGAN YPBPI', 'KEUANGAN'),
(190, 'TIK YPBPI', 'TIK'),
(191, 'DEPUTI YPBPI', 'DEPUTI'),
(192, 'STAF KEMAHASISWAAN', 'STAF KEMAHASISWAAN'),
(193, 'STAF LSP', 'STAF LSP'),
(194, 'STAF WADIR 1', 'STAF WADIR 1'),
(195, 'PERPUSTAKAAN', 'PERPUSTAKAAN'),
(196, 'TIK POLTEKPOS', 'TIK POLTEKPOS'),
(197, 'TIK STIMLOG', 'TIK STIMLOG'),
(198, 'DEPUTI WADIR 1', 'DEPUTI WADIR 1'),
(199, 'STAF BAU', 'STAF BAU'),
(200, 'SPPMI', 'SPPMI'),
(201, 'STAF BAAK', 'STAF BAAK'),
(203, 'COT', 'COT'),
(204, 'LSP', 'LSP'),
(205, 'DOSEN', 'DOSEN'),
(206, 'AUDITOR MUTU', 'AUDITOR MUTU'),
(207, 'REKRUTMENT & PMB', 'REKRUTMENT & PMB'),
(208, 'LPPM', 'LPPM'),
(209, 'PENUNJANG AKADEMIK', 'PENUNJANG AKADEMIK'),
(210, 'GKM', 'GKM'),
(211, 'DRIVER', 'DRIVER'),
(212, 'STAF SPPMI', 'STAF SPPMI'),
(213, 'KA PRODI', 'KA PRODI'),
(214, 'STAF DIREKTUR', 'STAF DIREKTUR'),
(215, 'STAF DEPUTI', 'STAF DEPUTI'),
(216, 'STAF WADIR III', 'STAF WADIR III'),
(217, 'WADIR I', 'WADIR I'),
(218, 'WADIR II', 'WADIR II'),
(219, 'WADIR III', 'WADIR III');

-- --------------------------------------------------------

--
-- Table structure for table `tbl_master_status_jabatan`
--

CREATE TABLE IF NOT EXISTS `tbl_master_status_jabatan` (
  `id_status_jabatan` int(50) NOT NULL AUTO_INCREMENT,
  `nama_jabatan` varchar(100) NOT NULL,
  PRIMARY KEY (`id_status_jabatan`)
) ENGINE=MyISAM  DEFAULT CHARSET=latin1 AUTO_INCREMENT=10 ;

--
-- Dumping data for table `tbl_master_status_jabatan`
--

INSERT INTO `tbl_master_status_jabatan` (`id_status_jabatan`, `nama_jabatan`) VALUES
(2, 'STRUKTURAL'),
(3, 'DPK'),
(4, 'DPB'),
(5, 'DITUGASKAN'),
(6, 'FUNGSIONAL'),
(7, '-'),
(9, 'FUNGSIONAL');

-- --------------------------------------------------------

--
-- Table structure for table `tbl_master_status_pegawai`
--

CREATE TABLE IF NOT EXISTS `tbl_master_status_pegawai` (
  `id_status_pegawai` int(50) NOT NULL AUTO_INCREMENT,
  `nama_status` varchar(150) NOT NULL,
  PRIMARY KEY (`id_status_pegawai`)
) ENGINE=MyISAM  DEFAULT CHARSET=latin1 AUTO_INCREMENT=22 ;

--
-- Dumping data for table `tbl_master_status_pegawai`
--

INSERT INTO `tbl_master_status_pegawai` (`id_status_pegawai`, `nama_status`) VALUES
(1, 'MENINGGAL DUNIA'),
(2, 'MAGANG'),
(3, 'HONORER'),
(4, 'CAPEG STIMLOG'),
(5, 'TETAP POLTEK'),
(6, 'CAPEG POLTEK'),
(7, 'TETAP STIMLOG'),
(9, 'PENSIUN'),
(10, 'BERHENTI/PINDAH'),
(15, 'TETAP YPBPI'),
(16, 'CAPEG YAYASAN'),
(17, 'CAPEG YPBPI'),
(18, 'TETAP YAYASAN'),
(19, 'TKK YPBPI'),
(20, 'TKK POLTEKPOS'),
(21, 'TKK STIMLOG');

-- --------------------------------------------------------

--
-- Table structure for table `tbl_master_unit_kerja`
--

CREATE TABLE IF NOT EXISTS `tbl_master_unit_kerja` (
  `id_unit_kerja` int(50) NOT NULL AUTO_INCREMENT,
  `nama_unit_kerja` varchar(150) NOT NULL,
  `eselon` varchar(50) NOT NULL,
  `parent_unit` varchar(50) NOT NULL,
  PRIMARY KEY (`id_unit_kerja`)
) ENGINE=MyISAM  DEFAULT CHARSET=latin1 AUTO_INCREMENT=281 ;

--
-- Dumping data for table `tbl_master_unit_kerja`
--

INSERT INTO `tbl_master_unit_kerja` (`id_unit_kerja`, `nama_unit_kerja`, `eselon`, `parent_unit`) VALUES
(1, 'BAAK', '-', 'BAAK'),
(2, 'BAUK', '-', 'BAUK'),
(239, 'SARANA', '-', 'GEDUNG'),
(244, 'SDM YPBPI', 'III', 'SDM'),
(245, 'KEUANGAN YPBPI', 'III', 'KEUANGAN YPBPI'),
(246, 'MARKOM YPBPI', '1', 'MARKOM'),
(247, 'PERPUSTAKAAN', '-', 'PERPUSTAKAAN'),
(249, 'TIK POLTEKPOS', '-', 'TIK POLTEKPOS'),
(250, 'LSP', '-', 'LSP'),
(251, 'LPPM', '-', 'LPPM'),
(252, 'DEPUTI WADIR 1', '-', 'DEPUTI WADIR 1'),
(253, 'KEMAHASISWAAN', '-', 'KEMAHASISWAAN'),
(258, 'PRODI D4 TI', '-', 'PRODI D4 TI'),
(255, 'WADIR 1', '-', 'WADIR 1'),
(257, 'SPPMI', '-', 'SPPMI'),
(259, 'PRODI D3 TI', '-', 'PRODI D3 TI'),
(260, 'PRODI D3 AK', '-', 'PRODI D3 AK'),
(261, 'PRODI D4 AK', '-', 'PRODI D4 AK'),
(262, 'PRODI D3 MI', '-', 'PRODI D3 MI'),
(263, 'PRODI D3 LB', '-', 'PRODI D3 LB'),
(264, 'PRODI D4 LB', '-', 'PRODI D4 LB'),
(265, 'PRODI D4 MB', '-', 'PRODI D4 MB'),
(271, 'PENUNJANG AKADEMIK', '-', 'PENUNJANG AKADEMIK'),
(267, 'PRODI D3 MP', '-', 'PRODI D3 MP'),
(268, 'COT', '-', 'COT'),
(269, 'GKM MUTU', '-', 'GKM MUTU'),
(270, 'REKRUTMENT & PMB', '-', 'REKRUTMENT & PMB'),
(272, 'SEKRETARIAT', '-', 'SEKRETARIAT'),
(273, 'KEMAHASISWAAN & KERJASAMA', '-', 'KEMAHASISWAAN & KERJASAMA'),
(274, 'AUDITOR MUTU', '-', 'AUDITOR MUTU'),
(275, 'STAF LPPM', '-', 'STAF LPPM'),
(277, 'DRIVER', '-', 'DRIVER'),
(278, 'WADIR I', '-', 'WADIR I'),
(279, 'WADIR II', '-', 'WADIR II'),
(280, 'WADIR III', '-', 'WADIR III');

-- --------------------------------------------------------

--
-- Table structure for table `tbl_user_login`
--

CREATE TABLE IF NOT EXISTS `tbl_user_login` (
  `id_user_login` int(10) NOT NULL AUTO_INCREMENT,
  `username` varchar(100) NOT NULL,
  `password` varchar(100) NOT NULL,
  `nama_lengkap` varchar(150) NOT NULL,
  `stts` varchar(30) NOT NULL,
  PRIMARY KEY (`id_user_login`)
) ENGINE=InnoDB  DEFAULT CHARSET=latin1 AUTO_INCREMENT=4 ;

--
-- Dumping data for table `tbl_user_login`
--

INSERT INTO `tbl_user_login` (`id_user_login`, `username`, `password`, `nama_lengkap`, `stts`) VALUES
(1, 'admin', 'bca9c6a1cc6c14027d0583f89ce58321', 'Administrator', 'administrator'),
(2, 'adminpoltek', '3d3f947a9a4bf04133ec51a4f4f9728d', 'Administrator', 'administrator'),
(3, 'adminstimlog', '85604c523abd9eb06575bd3e994b36bc', 'Administrator', 'administrator');

/*!40101 SET CHARACTER_SET_CLIENT=@OLD_CHARACTER_SET_CLIENT */;
/*!40101 SET CHARACTER_SET_RESULTS=@OLD_CHARACTER_SET_RESULTS */;
/*!40101 SET COLLATION_CONNECTION=@OLD_COLLATION_CONNECTION */;
